split,crop_image,source_image,person_index,crop_x1,crop_y1,crop_x2,crop_y2
train,images/train/frame_000210_person_00.jpg,data/person_dataset_seed123/images/train/frame_000210.jpg,0,419,0,511,114
train,images/train/frame_000210_person_01.jpg,data/person_dataset_seed123/images/train/frame_000210.jpg,1,516,1,609,120
train,images/train/frame_000210_person_02.jpg,data/person_dataset_seed123/images/train/frame_000210.jpg,2,290,106,380,202
train,images/train/frame_000210_person_03.jpg,data/person_dataset_seed123/images/train/frame_000210.jpg,3,202,123,296,218
train,images/train/frame_000210_person_04.jpg,data/person_dataset_seed123/images/train/frame_000210.jpg,4,694,153,794,239
train,images/train/frame_000210_person_05.jpg,data/person_dataset_seed123/images/train/frame_000210.jpg,5,702,293,786,414
train,images/train/frame_000210_person_06.jpg,data/person_dataset_seed123/images/train/frame_000210.jpg,6,585,303,698,422
train,images/train/frame_000210_person_07.jpg,data/person_dataset_seed123/images/train/frame_000210.jpg,7,704,460,800,544
train,images/train/frame_000210_person_08.jpg,data/person_dataset_seed123/images/train/frame_000210.jpg,8,678,609,756,656
train,images/train/frame_000210_person_09.jpg,data/person_dataset_seed123/images/train/frame_000210.jpg,9,560,481,673,592
train,images/train/frame_000210_person_10.jpg,data/person_dataset_seed123/images/train/frame_000210.jpg,10,554,645,644,699
train,images/train/frame_000210_person_11.jpg,data/person_dataset_seed123/images/train/frame_000210.jpg,11,289,597,387,671
train,images/train/frame_000210_person_12.jpg,data/person_dataset_seed123/images/train/frame_000210.jpg,12,210,573,288,625
train,images/train/frame_000210_person_13.jpg,data/person_dataset_seed123/images/train/frame_000210.jpg,13,159,440,264,531
train,images/train/frame_000210_person_14.jpg,data/person_dataset_seed123/images/train/frame_000210.jpg,14,208,46,304,122
train,images/train/frame_000210_person_15.jpg,data/person_dataset_seed123/images/train/frame_000210.jpg,15,126,119,223,211
train,images/train/frame_000210_person_16.jpg,data/person_dataset_seed123/images/train/frame_000210.jpg,16,73,408,155,455
train,images/train/frame_000210_person_17.jpg,data/person_dataset_seed123/images/train/frame_000210.jpg,17,110,544,184,612
train,images/train/frame_000210_person_18.jpg,data/person_dataset_seed123/images/train/frame_000210.jpg,18,95,192,184,241
train,images/train/frame_000210_person_19.jpg,data/person_dataset_seed123/images/train/frame_000210.jpg,19,119,86,201,141
train,images/train/frame_000215_person_00.jpg,data/person_dataset_seed123/images/train/frame_000215.jpg,0,516,6,612,100
train,images/train/frame_000215_person_01.jpg,data/person_dataset_seed123/images/train/frame_000215.jpg,1,417,0,513,85
train,images/train/frame_000215_person_02.jpg,data/person_dataset_seed123/images/train/frame_000215.jpg,2,208,42,308,135
train,images/train/frame_000215_person_03.jpg,data/person_dataset_seed123/images/train/frame_000215.jpg,3,289,112,374,200
train,images/train/frame_000215_person_04.jpg,data/person_dataset_seed123/images/train/frame_000215.jpg,4,202,136,303,209
train,images/train/frame_000215_person_05.jpg,data/person_dataset_seed123/images/train/frame_000215.jpg,5,695,156,794,240
train,images/train/frame_000215_person_06.jpg,data/person_dataset_seed123/images/train/frame_000215.jpg,6,697,297,794,403
train,images/train/frame_000215_person_07.jpg,data/person_dataset_seed123/images/train/frame_000215.jpg,7,586,307,686,414
train,images/train/frame_000215_person_08.jpg,data/person_dataset_seed123/images/train/frame_000215.jpg,8,711,458,798,552
train,images/train/frame_000215_person_09.jpg,data/person_dataset_seed123/images/train/frame_000215.jpg,9,568,485,669,601
train,images/train/frame_000215_person_10.jpg,data/person_dataset_seed123/images/train/frame_000215.jpg,10,686,604,755,657
train,images/train/frame_000215_person_11.jpg,data/person_dataset_seed123/images/train/frame_000215.jpg,11,557,625,653,701
train,images/train/frame_000215_person_12.jpg,data/person_dataset_seed123/images/train/frame_000215.jpg,12,164,444,257,534
train,images/train/frame_000215_person_13.jpg,data/person_dataset_seed123/images/train/frame_000215.jpg,13,73,408,157,457
train,images/train/frame_000215_person_14.jpg,data/person_dataset_seed123/images/train/frame_000215.jpg,14,105,543,197,618
train,images/train/frame_000215_person_15.jpg,data/person_dataset_seed123/images/train/frame_000215.jpg,15,212,573,286,635
train,images/train/frame_000215_person_16.jpg,data/person_dataset_seed123/images/train/frame_000215.jpg,16,291,595,380,673
train,images/train/frame_000215_person_17.jpg,data/person_dataset_seed123/images/train/frame_000215.jpg,17,120,83,194,151
train,images/train/frame_000215_person_18.jpg,data/person_dataset_seed123/images/train/frame_000215.jpg,18,163,138,221,225
train,images/train/frame_000215_person_19.jpg,data/person_dataset_seed123/images/train/frame_000215.jpg,19,101,189,170,241
train,images/train/frame_000221_person_00.jpg,data/person_dataset_seed123/images/train/frame_000221.jpg,0,136,137,223,219
train,images/train/frame_000221_person_01.jpg,data/person_dataset_seed123/images/train/frame_000221.jpg,1,207,129,304,231
train,images/train/frame_000221_person_02.jpg,data/person_dataset_seed123/images/train/frame_000221.jpg,2,284,107,376,209
train,images/train/frame_000221_person_03.jpg,data/person_dataset_seed123/images/train/frame_000221.jpg,3,216,38,306,122
train,images/train/frame_000221_person_04.jpg,data/person_dataset_seed123/images/train/frame_000221.jpg,4,115,86,201,148
train,images/train/frame_000221_person_05.jpg,data/person_dataset_seed123/images/train/frame_000221.jpg,5,420,0,513,98
train,images/train/frame_000221_person_06.jpg,data/person_dataset_seed123/images/train/frame_000221.jpg,6,512,0,617,104
train,images/train/frame_000221_person_07.jpg,data/person_dataset_seed123/images/train/frame_000221.jpg,7,148,437,265,541
train,images/train/frame_000221_person_08.jpg,data/person_dataset_seed123/images/train/frame_000221.jpg,8,70,400,160,460
train,images/train/frame_000221_person_09.jpg,data/person_dataset_seed123/images/train/frame_000221.jpg,9,107,539,200,616
train,images/train/frame_000221_person_10.jpg,data/person_dataset_seed123/images/train/frame_000221.jpg,10,208,574,291,635
train,images/train/frame_000221_person_11.jpg,data/person_dataset_seed123/images/train/frame_000221.jpg,11,293,595,381,674
train,images/train/frame_000221_person_12.jpg,data/person_dataset_seed123/images/train/frame_000221.jpg,12,554,636,646,702
train,images/train/frame_000221_person_13.jpg,data/person_dataset_seed123/images/train/frame_000221.jpg,13,675,601,760,662
train,images/train/frame_000221_person_14.jpg,data/person_dataset_seed123/images/train/frame_000221.jpg,14,701,456,796,556
train,images/train/frame_000221_person_15.jpg,data/person_dataset_seed123/images/train/frame_000221.jpg,15,562,482,672,598
train,images/train/frame_000221_person_16.jpg,data/person_dataset_seed123/images/train/frame_000221.jpg,16,685,297,796,403
train,images/train/frame_000221_person_17.jpg,data/person_dataset_seed123/images/train/frame_000221.jpg,17,589,304,696,403
train,images/train/frame_000221_person_18.jpg,data/person_dataset_seed123/images/train/frame_000221.jpg,18,688,156,796,238
train,images/train/frame_000221_person_19.jpg,data/person_dataset_seed123/images/train/frame_000221.jpg,19,96,189,182,242
train,images/train/frame_000227_person_00.jpg,data/person_dataset_seed123/images/train/frame_000227.jpg,0,516,2,613,102
train,images/train/frame_000227_person_01.jpg,data/person_dataset_seed123/images/train/frame_000227.jpg,1,421,0,507,87
train,images/train/frame_000227_person_02.jpg,data/person_dataset_seed123/images/train/frame_000227.jpg,2,205,47,302,128
train,images/train/frame_000227_person_03.jpg,data/person_dataset_seed123/images/train/frame_000227.jpg,3,203,137,309,237
train,images/train/frame_000227_person_04.jpg,data/person_dataset_seed123/images/train/frame_000227.jpg,4,287,108,380,203
train,images/train/frame_000227_person_05.jpg,data/person_dataset_seed123/images/train/frame_000227.jpg,5,117,84,214,153
train,images/train/frame_000227_person_06.jpg,data/person_dataset_seed123/images/train/frame_000227.jpg,6,139,145,219,232
train,images/train/frame_000227_person_07.jpg,data/person_dataset_seed123/images/train/frame_000227.jpg,7,100,188,184,237
train,images/train/frame_000227_person_08.jpg,data/person_dataset_seed123/images/train/frame_000227.jpg,8,73,402,158,459
train,images/train/frame_000227_person_09.jpg,data/person_dataset_seed123/images/train/frame_000227.jpg,9,149,472,260,537
train,images/train/frame_000227_person_10.jpg,data/person_dataset_seed123/images/train/frame_000227.jpg,10,111,541,183,617
train,images/train/frame_000227_person_11.jpg,data/person_dataset_seed123/images/train/frame_000227.jpg,11,210,575,300,640
train,images/train/frame_000227_person_12.jpg,data/person_dataset_seed123/images/train/frame_000227.jpg,12,294,602,386,677
train,images/train/frame_000227_person_13.jpg,data/person_dataset_seed123/images/train/frame_000227.jpg,13,556,638,651,703
train,images/train/frame_000227_person_14.jpg,data/person_dataset_seed123/images/train/frame_000227.jpg,14,676,605,760,661
train,images/train/frame_000227_person_15.jpg,data/person_dataset_seed123/images/train/frame_000227.jpg,15,699,460,800,550
train,images/train/frame_000227_person_16.jpg,data/person_dataset_seed123/images/train/frame_000227.jpg,16,560,481,675,588
train,images/train/frame_000227_person_17.jpg,data/person_dataset_seed123/images/train/frame_000227.jpg,17,587,307,700,416
train,images/train/frame_000227_person_18.jpg,data/person_dataset_seed123/images/train/frame_000227.jpg,18,691,294,797,406
train,images/train/frame_000227_person_19.jpg,data/person_dataset_seed123/images/train/frame_000227.jpg,19,690,164,795,241
train,images/train/frame_000241_person_00.jpg,data/person_dataset_seed123/images/train/frame_000241.jpg,0,690,154,794,240
train,images/train/frame_000241_person_01.jpg,data/person_dataset_seed123/images/train/frame_000241.jpg,1,689,293,799,406
train,images/train/frame_000241_person_02.jpg,data/person_dataset_seed123/images/train/frame_000241.jpg,2,585,310,701,411
train,images/train/frame_000241_person_03.jpg,data/person_dataset_seed123/images/train/frame_000241.jpg,3,700,456,798,551
train,images/train/frame_000241_person_04.jpg,data/person_dataset_seed123/images/train/frame_000241.jpg,4,673,599,762,664
train,images/train/frame_000241_person_05.jpg,data/person_dataset_seed123/images/train/frame_000241.jpg,5,563,480,673,597
train,images/train/frame_000241_person_06.jpg,data/person_dataset_seed123/images/train/frame_000241.jpg,6,561,623,651,706
train,images/train/frame_000241_person_07.jpg,data/person_dataset_seed123/images/train/frame_000241.jpg,7,293,600,386,669
train,images/train/frame_000241_person_08.jpg,data/person_dataset_seed123/images/train/frame_000241.jpg,8,211,572,304,639
train,images/train/frame_000241_person_09.jpg,data/person_dataset_seed123/images/train/frame_000241.jpg,9,108,542,189,615
train,images/train/frame_000241_person_10.jpg,data/person_dataset_seed123/images/train/frame_000241.jpg,10,72,403,143,458
train,images/train/frame_000241_person_11.jpg,data/person_dataset_seed123/images/train/frame_000241.jpg,11,514,6,615,98
train,images/train/frame_000241_person_12.jpg,data/person_dataset_seed123/images/train/frame_000241.jpg,12,419,0,508,91
train,images/train/frame_000241_person_13.jpg,data/person_dataset_seed123/images/train/frame_000241.jpg,13,282,107,380,200
train,images/train/frame_000241_person_14.jpg,data/person_dataset_seed123/images/train/frame_000241.jpg,14,212,30,304,123
train,images/train/frame_000241_person_15.jpg,data/person_dataset_seed123/images/train/frame_000241.jpg,15,207,136,295,234
train,images/train/frame_000241_person_16.jpg,data/person_dataset_seed123/images/train/frame_000241.jpg,16,150,146,227,225
train,images/train/frame_000241_person_17.jpg,data/person_dataset_seed123/images/train/frame_000241.jpg,17,101,189,178,236
train,images/train/frame_000241_person_18.jpg,data/person_dataset_seed123/images/train/frame_000241.jpg,18,118,86,203,152
train,images/train/frame_000249_person_00.jpg,data/person_dataset_seed123/images/train/frame_000249.jpg,0,516,4,611,98
train,images/train/frame_000249_person_01.jpg,data/person_dataset_seed123/images/train/frame_000249.jpg,1,423,0,512,83
train,images/train/frame_000249_person_02.jpg,data/person_dataset_seed123/images/train/frame_000249.jpg,2,257,131,376,204
train,images/train/frame_000249_person_03.jpg,data/person_dataset_seed123/images/train/frame_000249.jpg,3,204,142,289,239
train,images/train/frame_000249_person_04.jpg,data/person_dataset_seed123/images/train/frame_000249.jpg,4,210,30,307,127
train,images/train/frame_000249_person_05.jpg,data/person_dataset_seed123/images/train/frame_000249.jpg,5,116,87,197,148
train,images/train/frame_000249_person_06.jpg,data/person_dataset_seed123/images/train/frame_000249.jpg,6,146,144,227,222
train,images/train/frame_000249_person_07.jpg,data/person_dataset_seed123/images/train/frame_000249.jpg,7,95,182,171,233
train,images/train/frame_000249_person_08.jpg,data/person_dataset_seed123/images/train/frame_000249.jpg,8,76,415,132,481
train,images/train/frame_000249_person_09.jpg,data/person_dataset_seed123/images/train/frame_000249.jpg,9,110,543,181,614
train,images/train/frame_000249_person_10.jpg,data/person_dataset_seed123/images/train/frame_000249.jpg,10,214,573,289,636
train,images/train/frame_000249_person_11.jpg,data/person_dataset_seed123/images/train/frame_000249.jpg,11,290,599,384,672
train,images/train/frame_000249_person_12.jpg,data/person_dataset_seed123/images/train/frame_000249.jpg,12,690,156,794,237
train,images/train/frame_000249_person_13.jpg,data/person_dataset_seed123/images/train/frame_000249.jpg,13,694,292,798,407
train,images/train/frame_000249_person_14.jpg,data/person_dataset_seed123/images/train/frame_000249.jpg,14,585,306,706,408
train,images/train/frame_000249_person_15.jpg,data/person_dataset_seed123/images/train/frame_000249.jpg,15,563,477,675,595
train,images/train/frame_000249_person_16.jpg,data/person_dataset_seed123/images/train/frame_000249.jpg,16,709,459,796,551
train,images/train/frame_000249_person_17.jpg,data/person_dataset_seed123/images/train/frame_000249.jpg,17,672,599,762,662
train,images/train/frame_000249_person_18.jpg,data/person_dataset_seed123/images/train/frame_000249.jpg,18,558,627,650,701
train,images/train/frame_000251_person_00.jpg,data/person_dataset_seed123/images/train/frame_000251.jpg,0,683,164,792,235
train,images/train/frame_000251_person_01.jpg,data/person_dataset_seed123/images/train/frame_000251.jpg,1,693,295,797,402
train,images/train/frame_000251_person_02.jpg,data/person_dataset_seed123/images/train/frame_000251.jpg,2,585,305,708,409
train,images/train/frame_000251_person_03.jpg,data/person_dataset_seed123/images/train/frame_000251.jpg,3,697,455,800,551
train,images/train/frame_000251_person_04.jpg,data/person_dataset_seed123/images/train/frame_000251.jpg,4,560,475,671,604
train,images/train/frame_000251_person_05.jpg,data/person_dataset_seed123/images/train/frame_000251.jpg,5,558,630,650,701
train,images/train/frame_000251_person_06.jpg,data/person_dataset_seed123/images/train/frame_000251.jpg,6,671,601,763,663
train,images/train/frame_000251_person_07.jpg,data/person_dataset_seed123/images/train/frame_000251.jpg,7,284,595,392,687
train,images/train/frame_000251_person_08.jpg,data/person_dataset_seed123/images/train/frame_000251.jpg,8,207,574,295,640
train,images/train/frame_000251_person_09.jpg,data/person_dataset_seed123/images/train/frame_000251.jpg,9,75,414,133,474
train,images/train/frame_000251_person_10.jpg,data/person_dataset_seed123/images/train/frame_000251.jpg,10,110,548,180,618
train,images/train/frame_000251_person_11.jpg,data/person_dataset_seed123/images/train/frame_000251.jpg,11,511,9,615,101
train,images/train/frame_000251_person_12.jpg,data/person_dataset_seed123/images/train/frame_000251.jpg,12,420,0,511,91
train,images/train/frame_000251_person_13.jpg,data/person_dataset_seed123/images/train/frame_000251.jpg,13,263,123,381,197
train,images/train/frame_000251_person_14.jpg,data/person_dataset_seed123/images/train/frame_000251.jpg,14,212,34,305,121
train,images/train/frame_000251_person_15.jpg,data/person_dataset_seed123/images/train/frame_000251.jpg,15,201,136,293,237
train,images/train/frame_000251_person_16.jpg,data/person_dataset_seed123/images/train/frame_000251.jpg,16,145,144,222,223
train,images/train/frame_000251_person_17.jpg,data/person_dataset_seed123/images/train/frame_000251.jpg,17,101,189,178,235
train,images/train/frame_000251_person_18.jpg,data/person_dataset_seed123/images/train/frame_000251.jpg,18,117,84,209,152
train,images/train/frame_000264_person_00.jpg,data/person_dataset_seed123/images/train/frame_000264.jpg,0,690,156,792,238
train,images/train/frame_000264_person_01.jpg,data/person_dataset_seed123/images/train/frame_000264.jpg,1,698,294,795,400
train,images/train/frame_000264_person_02.jpg,data/person_dataset_seed123/images/train/frame_000264.jpg,2,589,303,706,405
train,images/train/frame_000264_person_03.jpg,data/person_dataset_seed123/images/train/frame_000264.jpg,3,706,459,797,548
train,images/train/frame_000264_person_04.jpg,data/person_dataset_seed123/images/train/frame_000264.jpg,4,670,593,762,661
train,images/train/frame_000264_person_05.jpg,data/person_dataset_seed123/images/train/frame_000264.jpg,5,563,478,667,607
train,images/train/frame_000264_person_06.jpg,data/person_dataset_seed123/images/train/frame_000264.jpg,6,557,635,652,702
train,images/train/frame_000264_person_07.jpg,data/person_dataset_seed123/images/train/frame_000264.jpg,7,524,3,614,96
train,images/train/frame_000264_person_08.jpg,data/person_dataset_seed123/images/train/frame_000264.jpg,8,421,0,509,86
train,images/train/frame_000264_person_09.jpg,data/person_dataset_seed123/images/train/frame_000264.jpg,9,209,36,303,125
train,images/train/frame_000264_person_10.jpg,data/person_dataset_seed123/images/train/frame_000264.jpg,10,294,113,379,206
train,images/train/frame_000264_person_11.jpg,data/person_dataset_seed123/images/train/frame_000264.jpg,11,201,137,305,236
train,images/train/frame_000264_person_12.jpg,data/person_dataset_seed123/images/train/frame_000264.jpg,12,146,146,227,227
train,images/train/frame_000264_person_13.jpg,data/person_dataset_seed123/images/train/frame_000264.jpg,13,102,184,173,239
train,images/train/frame_000264_person_14.jpg,data/person_dataset_seed123/images/train/frame_000264.jpg,14,74,407,133,455
train,images/train/frame_000264_person_15.jpg,data/person_dataset_seed123/images/train/frame_000264.jpg,15,218,570,291,636
train,images/train/frame_000264_person_16.jpg,data/person_dataset_seed123/images/train/frame_000264.jpg,16,292,596,390,681
train,images/train/frame_000264_person_17.jpg,data/person_dataset_seed123/images/train/frame_000264.jpg,17,109,540,189,613
train,images/train/frame_000264_person_18.jpg,data/person_dataset_seed123/images/train/frame_000264.jpg,18,116,84,205,154
train,images/train/frame_000272_person_00.jpg,data/person_dataset_seed123/images/train/frame_000272.jpg,0,686,157,788,235
train,images/train/frame_000272_person_01.jpg,data/person_dataset_seed123/images/train/frame_000272.jpg,1,693,295,798,402
train,images/train/frame_000272_person_02.jpg,data/person_dataset_seed123/images/train/frame_000272.jpg,2,594,298,702,409
train,images/train/frame_000272_person_03.jpg,data/person_dataset_seed123/images/train/frame_000272.jpg,3,698,456,799,551
train,images/train/frame_000272_person_04.jpg,data/person_dataset_seed123/images/train/frame_000272.jpg,4,683,590,766,663
train,images/train/frame_000272_person_05.jpg,data/person_dataset_seed123/images/train/frame_000272.jpg,5,554,630,652,700
train,images/train/frame_000272_person_06.jpg,data/person_dataset_seed123/images/train/frame_000272.jpg,6,561,481,669,607
train,images/train/frame_000272_person_07.jpg,data/person_dataset_seed123/images/train/frame_000272.jpg,7,292,601,385,686
train,images/train/frame_000272_person_08.jpg,data/person_dataset_seed123/images/train/frame_000272.jpg,8,215,569,299,638
train,images/train/frame_000272_person_09.jpg,data/person_dataset_seed123/images/train/frame_000272.jpg,9,110,541,198,620
train,images/train/frame_000272_person_10.jpg,data/person_dataset_seed123/images/train/frame_000272.jpg,10,74,387,137,464
train,images/train/frame_000272_person_11.jpg,data/person_dataset_seed123/images/train/frame_000272.jpg,11,208,34,304,130
train,images/train/frame_000272_person_12.jpg,data/person_dataset_seed123/images/train/frame_000272.jpg,12,420,0,510,88
train,images/train/frame_000272_person_13.jpg,data/person_dataset_seed123/images/train/frame_000272.jpg,13,527,0,613,108
train,images/train/frame_000272_person_14.jpg,data/person_dataset_seed123/images/train/frame_000272.jpg,14,197,136,309,242
train,images/train/frame_000272_person_15.jpg,data/person_dataset_seed123/images/train/frame_000272.jpg,15,293,107,378,205
train,images/train/frame_000272_person_16.jpg,data/person_dataset_seed123/images/train/frame_000272.jpg,16,145,144,220,221
train,images/train/frame_000272_person_17.jpg,data/person_dataset_seed123/images/train/frame_000272.jpg,17,101,191,180,237
train,images/train/frame_000272_person_18.jpg,data/person_dataset_seed123/images/train/frame_000272.jpg,18,117,87,207,153
train,images/train/frame_000279_person_00.jpg,data/person_dataset_seed123/images/train/frame_000279.jpg,0,687,159,795,239
train,images/train/frame_000279_person_01.jpg,data/person_dataset_seed123/images/train/frame_000279.jpg,1,687,293,800,411
train,images/train/frame_000279_person_02.jpg,data/person_dataset_seed123/images/train/frame_000279.jpg,2,580,303,713,407
train,images/train/frame_000279_person_03.jpg,data/person_dataset_seed123/images/train/frame_000279.jpg,3,702,458,797,552
train,images/train/frame_000279_person_04.jpg,data/person_dataset_seed123/images/train/frame_000279.jpg,4,563,475,676,605
train,images/train/frame_000279_person_05.jpg,data/person_dataset_seed123/images/train/frame_000279.jpg,5,673,587,762,664
train,images/train/frame_000279_person_06.jpg,data/person_dataset_seed123/images/train/frame_000279.jpg,6,557,633,652,702
train,images/train/frame_000279_person_07.jpg,data/person_dataset_seed123/images/train/frame_000279.jpg,7,105,541,190,618
train,images/train/frame_000279_person_08.jpg,data/person_dataset_seed123/images/train/frame_000279.jpg,8,218,567,295,643
train,images/train/frame_000279_person_09.jpg,data/person_dataset_seed123/images/train/frame_000279.jpg,9,290,604,388,687
train,images/train/frame_000279_person_10.jpg,data/person_dataset_seed123/images/train/frame_000279.jpg,10,149,491,252,534
train,images/train/frame_000279_person_11.jpg,data/person_dataset_seed123/images/train/frame_000279.jpg,11,71,383,146,456
train,images/train/frame_000279_person_12.jpg,data/person_dataset_seed123/images/train/frame_000279.jpg,12,288,111,378,212
train,images/train/frame_000279_person_13.jpg,data/person_dataset_seed123/images/train/frame_000279.jpg,13,217,29,306,128
train,images/train/frame_000279_person_14.jpg,data/person_dataset_seed123/images/train/frame_000279.jpg,14,204,137,302,241
train,images/train/frame_000279_person_15.jpg,data/person_dataset_seed123/images/train/frame_000279.jpg,15,148,141,216,234
train,images/train/frame_000279_person_16.jpg,data/person_dataset_seed123/images/train/frame_000279.jpg,16,97,185,177,244
train,images/train/frame_000279_person_17.jpg,data/person_dataset_seed123/images/train/frame_000279.jpg,17,423,0,508,98
train,images/train/frame_000279_person_18.jpg,data/person_dataset_seed123/images/train/frame_000279.jpg,18,527,0,608,107
train,images/train/frame_000279_person_19.jpg,data/person_dataset_seed123/images/train/frame_000279.jpg,19,114,83,206,155
train,images/train/frame_000289_person_00.jpg,data/person_dataset_seed123/images/train/frame_000289.jpg,0,562,476,668,617
train,images/train/frame_000289_person_01.jpg,data/person_dataset_seed123/images/train/frame_000289.jpg,1,700,456,800,550
train,images/train/frame_000289_person_02.jpg,data/person_dataset_seed123/images/train/frame_000289.jpg,2,681,582,761,661
train,images/train/frame_000289_person_03.jpg,data/person_dataset_seed123/images/train/frame_000289.jpg,3,555,633,656,700
train,images/train/frame_000289_person_04.jpg,data/person_dataset_seed123/images/train/frame_000289.jpg,4,685,292,797,404
train,images/train/frame_000289_person_05.jpg,data/person_dataset_seed123/images/train/frame_000289.jpg,5,591,303,699,403
train,images/train/frame_000289_person_06.jpg,data/person_dataset_seed123/images/train/frame_000289.jpg,6,689,159,789,239
train,images/train/frame_000289_person_07.jpg,data/person_dataset_seed123/images/train/frame_000289.jpg,7,526,0,612,114
train,images/train/frame_000289_person_08.jpg,data/person_dataset_seed123/images/train/frame_000289.jpg,8,285,112,379,210
train,images/train/frame_000289_person_09.jpg,data/person_dataset_seed123/images/train/frame_000289.jpg,9,422,0,507,94
train,images/train/frame_000289_person_10.jpg,data/person_dataset_seed123/images/train/frame_000289.jpg,10,207,32,307,137
train,images/train/frame_000289_person_11.jpg,data/person_dataset_seed123/images/train/frame_000289.jpg,11,205,136,302,240
train,images/train/frame_000289_person_12.jpg,data/person_dataset_seed123/images/train/frame_000289.jpg,12,145,146,229,227
train,images/train/frame_000289_person_13.jpg,data/person_dataset_seed123/images/train/frame_000289.jpg,13,98,187,182,240
train,images/train/frame_000289_person_14.jpg,data/person_dataset_seed123/images/train/frame_000289.jpg,14,74,401,146,451
train,images/train/frame_000289_person_15.jpg,data/person_dataset_seed123/images/train/frame_000289.jpg,15,149,471,258,538
train,images/train/frame_000289_person_16.jpg,data/person_dataset_seed123/images/train/frame_000289.jpg,16,108,545,193,614
train,images/train/frame_000289_person_17.jpg,data/person_dataset_seed123/images/train/frame_000289.jpg,17,218,579,301,637
train,images/train/frame_000289_person_18.jpg,data/person_dataset_seed123/images/train/frame_000289.jpg,18,288,596,374,663
train,images/train/frame_000289_person_19.jpg,data/person_dataset_seed123/images/train/frame_000289.jpg,19,116,85,200,149
train,images/train/frame_000301_person_00.jpg,data/person_dataset_seed123/images/train/frame_000301.jpg,0,689,162,791,255
train,images/train/frame_000301_person_01.jpg,data/person_dataset_seed123/images/train/frame_000301.jpg,1,685,295,803,405
train,images/train/frame_000301_person_02.jpg,data/person_dataset_seed123/images/train/frame_000301.jpg,2,591,308,695,418
train,images/train/frame_000301_person_03.jpg,data/person_dataset_seed123/images/train/frame_000301.jpg,3,701,455,796,556
train,images/train/frame_000301_person_04.jpg,data/person_dataset_seed123/images/train/frame_000301.jpg,4,560,478,673,606
train,images/train/frame_000301_person_05.jpg,data/person_dataset_seed123/images/train/frame_000301.jpg,5,684,592,764,659
train,images/train/frame_000301_person_06.jpg,data/person_dataset_seed123/images/train/frame_000301.jpg,6,557,635,654,702
train,images/train/frame_000301_person_07.jpg,data/person_dataset_seed123/images/train/frame_000301.jpg,7,419,0,511,99
train,images/train/frame_000301_person_08.jpg,data/person_dataset_seed123/images/train/frame_000301.jpg,8,526,0,611,116
train,images/train/frame_000301_person_09.jpg,data/person_dataset_seed123/images/train/frame_000301.jpg,9,288,110,380,212
train,images/train/frame_000301_person_10.jpg,data/person_dataset_seed123/images/train/frame_000301.jpg,10,208,38,300,130
train,images/train/frame_000301_person_11.jpg,data/person_dataset_seed123/images/train/frame_000301.jpg,11,206,130,296,243
train,images/train/frame_000301_person_12.jpg,data/person_dataset_seed123/images/train/frame_000301.jpg,12,147,147,231,221
train,images/train/frame_000301_person_13.jpg,data/person_dataset_seed123/images/train/frame_000301.jpg,13,99,188,179,239
train,images/train/frame_000301_person_14.jpg,data/person_dataset_seed123/images/train/frame_000301.jpg,14,114,85,201,154
train,images/train/frame_000301_person_15.jpg,data/person_dataset_seed123/images/train/frame_000301.jpg,15,73,386,136,457
train,images/train/frame_000301_person_16.jpg,data/person_dataset_seed123/images/train/frame_000301.jpg,16,109,544,184,615
train,images/train/frame_000301_person_17.jpg,data/person_dataset_seed123/images/train/frame_000301.jpg,17,222,579,303,661
train,images/train/frame_000301_person_18.jpg,data/person_dataset_seed123/images/train/frame_000301.jpg,18,289,595,375,664
train,images/train/frame_000303_person_00.jpg,data/person_dataset_seed123/images/train/frame_000303.jpg,0,688,160,793,243
train,images/train/frame_000303_person_01.jpg,data/person_dataset_seed123/images/train/frame_000303.jpg,1,689,291,801,402
train,images/train/frame_000303_person_02.jpg,data/person_dataset_seed123/images/train/frame_000303.jpg,2,586,306,708,407
train,images/train/frame_000303_person_03.jpg,data/person_dataset_seed123/images/train/frame_000303.jpg,3,701,457,795,550
train,images/train/frame_000303_person_04.jpg,data/person_dataset_seed123/images/train/frame_000303.jpg,4,561,480,669,608
train,images/train/frame_000303_person_05.jpg,data/person_dataset_seed123/images/train/frame_000303.jpg,5,685,590,763,664
train,images/train/frame_000303_person_06.jpg,data/person_dataset_seed123/images/train/frame_000303.jpg,6,558,635,656,703
train,images/train/frame_000303_person_07.jpg,data/person_dataset_seed123/images/train/frame_000303.jpg,7,523,0,608,112
train,images/train/frame_000303_person_08.jpg,data/person_dataset_seed123/images/train/frame_000303.jpg,8,424,0,507,97
train,images/train/frame_000303_person_09.jpg,data/person_dataset_seed123/images/train/frame_000303.jpg,9,285,107,379,212
train,images/train/frame_000303_person_10.jpg,data/person_dataset_seed123/images/train/frame_000303.jpg,10,210,38,301,123
train,images/train/frame_000303_person_11.jpg,data/person_dataset_seed123/images/train/frame_000303.jpg,11,118,86,197,147
train,images/train/frame_000303_person_12.jpg,data/person_dataset_seed123/images/train/frame_000303.jpg,12,209,127,300,246
train,images/train/frame_000303_person_13.jpg,data/person_dataset_seed123/images/train/frame_000303.jpg,13,148,146,230,231
train,images/train/frame_000303_person_14.jpg,data/person_dataset_seed123/images/train/frame_000303.jpg,14,100,183,166,241
train,images/train/frame_000303_person_15.jpg,data/person_dataset_seed123/images/train/frame_000303.jpg,15,72,391,139,451
train,images/train/frame_000303_person_16.jpg,data/person_dataset_seed123/images/train/frame_000303.jpg,16,108,542,178,616
train,images/train/frame_000303_person_17.jpg,data/person_dataset_seed123/images/train/frame_000303.jpg,17,221,583,295,663
train,images/train/frame_000303_person_18.jpg,data/person_dataset_seed123/images/train/frame_000303.jpg,18,294,596,371,668
train,images/train/frame_000310_person_00.jpg,data/person_dataset_seed123/images/train/frame_000310.jpg,0,687,162,794,245
train,images/train/frame_000310_person_01.jpg,data/person_dataset_seed123/images/train/frame_000310.jpg,1,692,296,799,406
train,images/train/frame_000310_person_02.jpg,data/person_dataset_seed123/images/train/frame_000310.jpg,2,589,307,705,408
train,images/train/frame_000310_person_03.jpg,data/person_dataset_seed123/images/train/frame_000310.jpg,3,700,459,798,553
train,images/train/frame_000310_person_04.jpg,data/person_dataset_seed123/images/train/frame_000310.jpg,4,681,598,764,661
train,images/train/frame_000310_person_05.jpg,data/person_dataset_seed123/images/train/frame_000310.jpg,5,559,641,647,703
train,images/train/frame_000310_person_06.jpg,data/person_dataset_seed123/images/train/frame_000310.jpg,6,558,479,674,607
train,images/train/frame_000310_person_07.jpg,data/person_dataset_seed123/images/train/frame_000310.jpg,7,526,0,609,112
train,images/train/frame_000310_person_08.jpg,data/person_dataset_seed123/images/train/frame_000310.jpg,8,425,0,506,92
train,images/train/frame_000310_person_09.jpg,data/person_dataset_seed123/images/train/frame_000310.jpg,9,287,112,377,205
train,images/train/frame_000310_person_10.jpg,data/person_dataset_seed123/images/train/frame_000310.jpg,10,213,36,305,128
train,images/train/frame_000310_person_11.jpg,data/person_dataset_seed123/images/train/frame_000310.jpg,11,117,86,202,151
train,images/train/frame_000310_person_12.jpg,data/person_dataset_seed123/images/train/frame_000310.jpg,12,208,136,299,243
train,images/train/frame_000310_person_13.jpg,data/person_dataset_seed123/images/train/frame_000310.jpg,13,148,143,224,232
train,images/train/frame_000310_person_14.jpg,data/person_dataset_seed123/images/train/frame_000310.jpg,14,99,188,172,241
train,images/train/frame_000310_person_15.jpg,data/person_dataset_seed123/images/train/frame_000310.jpg,15,48,396,144,489
train,images/train/frame_000310_person_16.jpg,data/person_dataset_seed123/images/train/frame_000310.jpg,16,109,542,180,615
train,images/train/frame_000310_person_17.jpg,data/person_dataset_seed123/images/train/frame_000310.jpg,17,222,579,296,660
train,images/train/frame_000310_person_18.jpg,data/person_dataset_seed123/images/train/frame_000310.jpg,18,292,593,374,666
train,images/train/frame_000318_person_00.jpg,data/person_dataset_seed123/images/train/frame_000318.jpg,0,687,160,794,248
train,images/train/frame_000318_person_01.jpg,data/person_dataset_seed123/images/train/frame_000318.jpg,1,689,293,799,409
train,images/train/frame_000318_person_02.jpg,data/person_dataset_seed123/images/train/frame_000318.jpg,2,585,307,707,408
train,images/train/frame_000318_person_03.jpg,data/person_dataset_seed123/images/train/frame_000318.jpg,3,700,456,798,557
train,images/train/frame_000318_person_04.jpg,data/person_dataset_seed123/images/train/frame_000318.jpg,4,559,482,676,601
train,images/train/frame_000318_person_05.jpg,data/person_dataset_seed123/images/train/frame_000318.jpg,5,668,606,760,664
train,images/train/frame_000318_person_06.jpg,data/person_dataset_seed123/images/train/frame_000318.jpg,6,554,634,652,699
train,images/train/frame_000318_person_07.jpg,data/person_dataset_seed123/images/train/frame_000318.jpg,7,524,1,616,102
train,images/train/frame_000318_person_08.jpg,data/person_dataset_seed123/images/train/frame_000318.jpg,8,426,0,512,91
train,images/train/frame_000318_person_09.jpg,data/person_dataset_seed123/images/train/frame_000318.jpg,9,212,33,301,134
train,images/train/frame_000318_person_10.jpg,data/person_dataset_seed123/images/train/frame_000318.jpg,10,287,106,382,208
train,images/train/frame_000318_person_11.jpg,data/person_dataset_seed123/images/train/frame_000318.jpg,11,206,134,295,243
train,images/train/frame_000318_person_12.jpg,data/person_dataset_seed123/images/train/frame_000318.jpg,12,146,142,227,228
train,images/train/frame_000318_person_13.jpg,data/person_dataset_seed123/images/train/frame_000318.jpg,13,103,191,173,240
train,images/train/frame_000318_person_14.jpg,data/person_dataset_seed123/images/train/frame_000318.jpg,14,47,424,149,505
train,images/train/frame_000318_person_15.jpg,data/person_dataset_seed123/images/train/frame_000318.jpg,15,110,544,181,618
train,images/train/frame_000318_person_16.jpg,data/person_dataset_seed123/images/train/frame_000318.jpg,16,225,578,296,659
train,images/train/frame_000318_person_17.jpg,data/person_dataset_seed123/images/train/frame_000318.jpg,17,291,595,371,664
train,images/train/frame_000318_person_18.jpg,data/person_dataset_seed123/images/train/frame_000318.jpg,18,116,85,204,154
train,images/train/frame_000327_person_00.jpg,data/person_dataset_seed123/images/train/frame_000327.jpg,0,686,160,791,245
train,images/train/frame_000327_person_01.jpg,data/person_dataset_seed123/images/train/frame_000327.jpg,1,689,297,797,402
train,images/train/frame_000327_person_02.jpg,data/person_dataset_seed123/images/train/frame_000327.jpg,2,579,309,701,408
train,images/train/frame_000327_person_03.jpg,data/person_dataset_seed123/images/train/frame_000327.jpg,3,705,462,797,553
train,images/train/frame_000327_person_04.jpg,data/person_dataset_seed123/images/train/frame_000327.jpg,4,565,481,677,606
train,images/train/frame_000327_person_05.jpg,data/person_dataset_seed123/images/train/frame_000327.jpg,5,673,607,759,663
train,images/train/frame_000327_person_06.jpg,data/person_dataset_seed123/images/train/frame_000327.jpg,6,553,630,652,704
train,images/train/frame_000327_person_07.jpg,data/person_dataset_seed123/images/train/frame_000327.jpg,7,525,0,610,114
train,images/train/frame_000327_person_08.jpg,data/person_dataset_seed123/images/train/frame_000327.jpg,8,421,0,515,97
train,images/train/frame_000327_person_09.jpg,data/person_dataset_seed123/images/train/frame_000327.jpg,9,288,101,376,210
train,images/train/frame_000327_person_10.jpg,data/person_dataset_seed123/images/train/frame_000327.jpg,10,210,31,301,139
train,images/train/frame_000327_person_11.jpg,data/person_dataset_seed123/images/train/frame_000327.jpg,11,204,135,302,241
train,images/train/frame_000327_person_12.jpg,data/person_dataset_seed123/images/train/frame_000327.jpg,12,150,144,225,226
train,images/train/frame_000327_person_13.jpg,data/person_dataset_seed123/images/train/frame_000327.jpg,13,99,187,172,240
train,images/train/frame_000327_person_14.jpg,data/person_dataset_seed123/images/train/frame_000327.jpg,14,119,84,197,153
train,images/train/frame_000327_person_15.jpg,data/person_dataset_seed123/images/train/frame_000327.jpg,15,57,441,144,517
train,images/train/frame_000327_person_16.jpg,data/person_dataset_seed123/images/train/frame_000327.jpg,16,147,484,264,536
train,images/train/frame_000327_person_17.jpg,data/person_dataset_seed123/images/train/frame_000327.jpg,17,105,544,191,614
train,images/train/frame_000327_person_18.jpg,data/person_dataset_seed123/images/train/frame_000327.jpg,18,222,579,297,664
train,images/train/frame_000327_person_19.jpg,data/person_dataset_seed123/images/train/frame_000327.jpg,19,290,595,379,667
train,images/train/frame_000340_person_00.jpg,data/person_dataset_seed123/images/train/frame_000340.jpg,0,525,0,612,120
train,images/train/frame_000340_person_01.jpg,data/person_dataset_seed123/images/train/frame_000340.jpg,1,417,0,515,114
train,images/train/frame_000340_person_02.jpg,data/person_dataset_seed123/images/train/frame_000340.jpg,2,206,41,304,144
train,images/train/frame_000340_person_03.jpg,data/person_dataset_seed123/images/train/frame_000340.jpg,3,291,94,379,213
train,images/train/frame_000340_person_04.jpg,data/person_dataset_seed123/images/train/frame_000340.jpg,4,202,135,305,233
train,images/train/frame_000340_person_05.jpg,data/person_dataset_seed123/images/train/frame_000340.jpg,5,93,186,191,237
train,images/train/frame_000340_person_06.jpg,data/person_dataset_seed123/images/train/frame_000340.jpg,6,147,140,226,198
train,images/train/frame_000340_person_07.jpg,data/person_dataset_seed123/images/train/frame_000340.jpg,7,114,86,204,148
train,images/train/frame_000340_person_08.jpg,data/person_dataset_seed123/images/train/frame_000340.jpg,8,149,459,268,535
train,images/train/frame_000340_person_09.jpg,data/person_dataset_seed123/images/train/frame_000340.jpg,9,103,542,195,607
train,images/train/frame_000340_person_10.jpg,data/person_dataset_seed123/images/train/frame_000340.jpg,10,176,530,304,652
train,images/train/frame_000340_person_11.jpg,data/person_dataset_seed123/images/train/frame_000340.jpg,11,288,578,375,673
train,images/train/frame_000340_person_12.jpg,data/person_dataset_seed123/images/train/frame_000340.jpg,12,687,158,795,251
train,images/train/frame_000340_person_13.jpg,data/person_dataset_seed123/images/train/frame_000340.jpg,13,692,294,799,403
train,images/train/frame_000340_person_14.jpg,data/person_dataset_seed123/images/train/frame_000340.jpg,14,597,277,699,415
train,images/train/frame_000340_person_15.jpg,data/person_dataset_seed123/images/train/frame_000340.jpg,15,565,478,678,605
train,images/train/frame_000340_person_16.jpg,data/person_dataset_seed123/images/train/frame_000340.jpg,16,706,452,795,555
train,images/train/frame_000340_person_17.jpg,data/person_dataset_seed123/images/train/frame_000340.jpg,17,558,629,652,706
train,images/train/frame_000340_person_18.jpg,data/person_dataset_seed123/images/train/frame_000340.jpg,18,670,597,765,664
train,images/train/frame_000346_person_00.jpg,data/person_dataset_seed123/images/train/frame_000346.jpg,0,688,157,793,248
train,images/train/frame_000346_person_01.jpg,data/person_dataset_seed123/images/train/frame_000346.jpg,1,694,294,797,402
train,images/train/frame_000346_person_02.jpg,data/person_dataset_seed123/images/train/frame_000346.jpg,2,590,277,712,419
train,images/train/frame_000346_person_03.jpg,data/person_dataset_seed123/images/train/frame_000346.jpg,3,706,454,797,559
train,images/train/frame_000346_person_04.jpg,data/person_dataset_seed123/images/train/frame_000346.jpg,4,672,610,765,665
train,images/train/frame_000346_person_05.jpg,data/person_dataset_seed123/images/train/frame_000346.jpg,5,559,479,678,605
train,images/train/frame_000346_person_06.jpg,data/person_dataset_seed123/images/train/frame_000346.jpg,6,558,630,653,701
train,images/train/frame_000346_person_07.jpg,data/person_dataset_seed123/images/train/frame_000346.jpg,7,525,1,609,114
train,images/train/frame_000346_person_08.jpg,data/person_dataset_seed123/images/train/frame_000346.jpg,8,419,0,510,102
train,images/train/frame_000346_person_09.jpg,data/person_dataset_seed123/images/train/frame_000346.jpg,9,293,90,378,203
train,images/train/frame_000346_person_10.jpg,data/person_dataset_seed123/images/train/frame_000346.jpg,10,213,42,301,132
train,images/train/frame_000346_person_11.jpg,data/person_dataset_seed123/images/train/frame_000346.jpg,11,117,86,187,143
train,images/train/frame_000346_person_12.jpg,data/person_dataset_seed123/images/train/frame_000346.jpg,12,203,135,302,237
train,images/train/frame_000346_person_13.jpg,data/person_dataset_seed123/images/train/frame_000346.jpg,13,148,141,232,232
train,images/train/frame_000346_person_14.jpg,data/person_dataset_seed123/images/train/frame_000346.jpg,14,102,188,186,233
train,images/train/frame_000346_person_15.jpg,data/person_dataset_seed123/images/train/frame_000346.jpg,15,145,478,263,535
train,images/train/frame_000346_person_16.jpg,data/person_dataset_seed123/images/train/frame_000346.jpg,16,106,543,179,610
train,images/train/frame_000346_person_17.jpg,data/person_dataset_seed123/images/train/frame_000346.jpg,17,222,579,302,664
train,images/train/frame_000346_person_18.jpg,data/person_dataset_seed123/images/train/frame_000346.jpg,18,307,497,453,687
train,images/train/frame_000356_person_00.jpg,data/person_dataset_seed123/images/train/frame_000356.jpg,0,522,3,605,116
train,images/train/frame_000356_person_01.jpg,data/person_dataset_seed123/images/train/frame_000356.jpg,1,495,337,636,494
train,images/train/frame_000356_person_02.jpg,data/person_dataset_seed123/images/train/frame_000356.jpg,2,684,162,795,244
train,images/train/frame_000356_person_03.jpg,data/person_dataset_seed123/images/train/frame_000356.jpg,3,691,293,796,401
train,images/train/frame_000356_person_04.jpg,data/person_dataset_seed123/images/train/frame_000356.jpg,4,597,278,705,419
train,images/train/frame_000356_person_05.jpg,data/person_dataset_seed123/images/train/frame_000356.jpg,5,701,457,796,554
train,images/train/frame_000356_person_06.jpg,data/person_dataset_seed123/images/train/frame_000356.jpg,6,563,474,679,603
train,images/train/frame_000356_person_07.jpg,data/person_dataset_seed123/images/train/frame_000356.jpg,7,677,615,766,663
train,images/train/frame_000356_person_08.jpg,data/person_dataset_seed123/images/train/frame_000356.jpg,8,558,633,652,705
train,images/train/frame_000356_person_09.jpg,data/person_dataset_seed123/images/train/frame_000356.jpg,9,292,591,374,668
train,images/train/frame_000356_person_10.jpg,data/person_dataset_seed123/images/train/frame_000356.jpg,10,222,579,297,662
train,images/train/frame_000356_person_11.jpg,data/person_dataset_seed123/images/train/frame_000356.jpg,11,113,541,187,619
train,images/train/frame_000356_person_12.jpg,data/person_dataset_seed123/images/train/frame_000356.jpg,12,283,102,377,205
train,images/train/frame_000356_person_13.jpg,data/person_dataset_seed123/images/train/frame_000356.jpg,13,202,52,300,129
train,images/train/frame_000356_person_14.jpg,data/person_dataset_seed123/images/train/frame_000356.jpg,14,118,84,190,147
train,images/train/frame_000356_person_15.jpg,data/person_dataset_seed123/images/train/frame_000356.jpg,15,203,135,296,240
train,images/train/frame_000356_person_16.jpg,data/person_dataset_seed123/images/train/frame_000356.jpg,16,147,139,225,220
train,images/train/frame_000356_person_17.jpg,data/person_dataset_seed123/images/train/frame_000356.jpg,17,101,191,178,237
train,images/train/frame_000356_person_18.jpg,data/person_dataset_seed123/images/train/frame_000356.jpg,18,415,0,512,103
train,images/train/frame_000367_person_00.jpg,data/person_dataset_seed123/images/train/frame_000367.jpg,0,526,3,610,96
train,images/train/frame_000367_person_01.jpg,data/person_dataset_seed123/images/train/frame_000367.jpg,1,493,56,602,274
train,images/train/frame_000367_person_02.jpg,data/person_dataset_seed123/images/train/frame_000367.jpg,2,685,163,796,239
train,images/train/frame_000367_person_03.jpg,data/person_dataset_seed123/images/train/frame_000367.jpg,3,687,293,794,401
train,images/train/frame_000367_person_04.jpg,data/person_dataset_seed123/images/train/frame_000367.jpg,4,582,284,713,409
train,images/train/frame_000367_person_05.jpg,data/person_dataset_seed123/images/train/frame_000367.jpg,5,699,456,797,561
train,images/train/frame_000367_person_06.jpg,data/person_dataset_seed123/images/train/frame_000367.jpg,6,559,477,682,606
train,images/train/frame_000367_person_07.jpg,data/person_dataset_seed123/images/train/frame_000367.jpg,7,557,636,649,704
train,images/train/frame_000367_person_08.jpg,data/person_dataset_seed123/images/train/frame_000367.jpg,8,669,615,771,663
train,images/train/frame_000367_person_09.jpg,data/person_dataset_seed123/images/train/frame_000367.jpg,9,266,115,383,213
train,images/train/frame_000367_person_10.jpg,data/person_dataset_seed123/images/train/frame_000367.jpg,10,198,52,305,127
train,images/train/frame_000367_person_11.jpg,data/person_dataset_seed123/images/train/frame_000367.jpg,11,146,134,219,224
train,images/train/frame_000367_person_12.jpg,data/person_dataset_seed123/images/train/frame_000367.jpg,12,206,140,280,236
train,images/train/frame_000367_person_13.jpg,data/person_dataset_seed123/images/train/frame_000367.jpg,13,99,189,189,239
train,images/train/frame_000367_person_14.jpg,data/person_dataset_seed123/images/train/frame_000367.jpg,14,116,541,182,623
train,images/train/frame_000367_person_15.jpg,data/person_dataset_seed123/images/train/frame_000367.jpg,15,219,582,293,660
train,images/train/frame_000367_person_16.jpg,data/person_dataset_seed123/images/train/frame_000367.jpg,16,289,590,373,666
train,images/train/frame_000367_person_17.jpg,data/person_dataset_seed123/images/train/frame_000367.jpg,17,416,0,512,94
train,images/train/frame_000367_person_18.jpg,data/person_dataset_seed123/images/train/frame_000367.jpg,18,115,81,207,147
train,images/train/frame_000376_person_00.jpg,data/person_dataset_seed123/images/train/frame_000376.jpg,0,689,157,791,246
train,images/train/frame_000376_person_01.jpg,data/person_dataset_seed123/images/train/frame_000376.jpg,1,686,293,793,402
train,images/train/frame_000376_person_02.jpg,data/person_dataset_seed123/images/train/frame_000376.jpg,2,581,279,711,406
train,images/train/frame_000376_person_03.jpg,data/person_dataset_seed123/images/train/frame_000376.jpg,3,703,456,795,556
train,images/train/frame_000376_person_04.jpg,data/person_dataset_seed123/images/train/frame_000376.jpg,4,676,612,768,661
train,images/train/frame_000376_person_05.jpg,data/person_dataset_seed123/images/train/frame_000376.jpg,5,558,479,680,606
train,images/train/frame_000376_person_06.jpg,data/person_dataset_seed123/images/train/frame_000376.jpg,6,559,636,653,703
train,images/train/frame_000376_person_07.jpg,data/person_dataset_seed123/images/train/frame_000376.jpg,7,541,2,610,98
train,images/train/frame_000376_person_08.jpg,data/person_dataset_seed123/images/train/frame_000376.jpg,8,436,0,564,172
train,images/train/frame_000376_person_09.jpg,data/person_dataset_seed123/images/train/frame_000376.jpg,9,274,120,377,205
train,images/train/frame_000376_person_10.jpg,data/person_dataset_seed123/images/train/frame_000376.jpg,10,199,49,300,126
train,images/train/frame_000376_person_11.jpg,data/person_dataset_seed123/images/train/frame_000376.jpg,11,207,129,294,240
train,images/train/frame_000376_person_12.jpg,data/person_dataset_seed123/images/train/frame_000376.jpg,12,145,140,231,224
train,images/train/frame_000376_person_13.jpg,data/person_dataset_seed123/images/train/frame_000376.jpg,13,100,189,184,237
train,images/train/frame_000376_person_14.jpg,data/person_dataset_seed123/images/train/frame_000376.jpg,14,114,541,186,615
train,images/train/frame_000376_person_15.jpg,data/person_dataset_seed123/images/train/frame_000376.jpg,15,224,578,300,662
train,images/train/frame_000376_person_16.jpg,data/person_dataset_seed123/images/train/frame_000376.jpg,16,288,597,372,664
train,images/train/frame_000376_person_17.jpg,data/person_dataset_seed123/images/train/frame_000376.jpg,17,117,84,208,154
train,images/train/frame_000376_person_18.jpg,data/person_dataset_seed123/images/train/frame_000376.jpg,18,428,0,506,89
train,images/train/frame_000379_person_00.jpg,data/person_dataset_seed123/images/train/frame_000379.jpg,0,556,641,650,701
train,images/train/frame_000379_person_01.jpg,data/person_dataset_seed123/images/train/frame_000379.jpg,1,671,617,765,664
train,images/train/frame_000379_person_02.jpg,data/person_dataset_seed123/images/train/frame_000379.jpg,2,703,458,795,549
train,images/train/frame_000379_person_03.jpg,data/person_dataset_seed123/images/train/frame_000379.jpg,3,564,477,683,600
train,images/train/frame_000379_person_04.jpg,data/person_dataset_seed123/images/train/frame_000379.jpg,4,691,161,791,248
train,images/train/frame_000379_person_05.jpg,data/person_dataset_seed123/images/train/frame_000379.jpg,5,687,294,795,400
train,images/train/frame_000379_person_06.jpg,data/person_dataset_seed123/images/train/frame_000379.jpg,6,589,279,709,408
train,images/train/frame_000379_person_07.jpg,data/person_dataset_seed123/images/train/frame_000379.jpg,7,552,5,610,98
train,images/train/frame_000379_person_08.jpg,data/person_dataset_seed123/images/train/frame_000379.jpg,8,445,0,591,188
train,images/train/frame_000379_person_09.jpg,data/person_dataset_seed123/images/train/frame_000379.jpg,9,431,0,506,88
train,images/train/frame_000379_person_10.jpg,data/person_dataset_seed123/images/train/frame_000379.jpg,10,200,54,299,121
train,images/train/frame_000379_person_11.jpg,data/person_dataset_seed123/images/train/frame_000379.jpg,11,280,124,378,204
train,images/train/frame_000379_person_12.jpg,data/person_dataset_seed123/images/train/frame_000379.jpg,12,199,134,292,242
train,images/train/frame_000379_person_13.jpg,data/person_dataset_seed123/images/train/frame_000379.jpg,13,114,83,211,147
train,images/train/frame_000379_person_14.jpg,data/person_dataset_seed123/images/train/frame_000379.jpg,14,148,141,235,219
train,images/train/frame_000379_person_15.jpg,data/person_dataset_seed123/images/train/frame_000379.jpg,15,99,191,175,240
train,images/train/frame_000379_person_16.jpg,data/person_dataset_seed123/images/train/frame_000379.jpg,16,111,546,196,616
train,images/train/frame_000379_person_17.jpg,data/person_dataset_seed123/images/train/frame_000379.jpg,17,223,582,305,662
train,images/train/frame_000379_person_18.jpg,data/person_dataset_seed123/images/train/frame_000379.jpg,18,289,595,373,662
train,images/train/frame_000391_person_00.jpg,data/person_dataset_seed123/images/train/frame_000391.jpg,0,502,193,641,377
train,images/train/frame_000391_person_01.jpg,data/person_dataset_seed123/images/train/frame_000391.jpg,1,687,159,793,245
train,images/train/frame_000391_person_02.jpg,data/person_dataset_seed123/images/train/frame_000391.jpg,2,691,296,796,401
train,images/train/frame_000391_person_03.jpg,data/person_dataset_seed123/images/train/frame_000391.jpg,3,595,281,714,405
train,images/train/frame_000391_person_04.jpg,data/person_dataset_seed123/images/train/frame_000391.jpg,4,702,458,796,555
train,images/train/frame_000391_person_05.jpg,data/person_dataset_seed123/images/train/frame_000391.jpg,5,560,479,678,607
train,images/train/frame_000391_person_06.jpg,data/person_dataset_seed123/images/train/frame_000391.jpg,6,688,589,759,666
train,images/train/frame_000391_person_07.jpg,data/person_dataset_seed123/images/train/frame_000391.jpg,7,559,632,653,703
train,images/train/frame_000391_person_08.jpg,data/person_dataset_seed123/images/train/frame_000391.jpg,8,525,1,613,108
train,images/train/frame_000391_person_09.jpg,data/person_dataset_seed123/images/train/frame_000391.jpg,9,427,0,509,92
train,images/train/frame_000391_person_10.jpg,data/person_dataset_seed123/images/train/frame_000391.jpg,10,261,128,383,206
train,images/train/frame_000391_person_11.jpg,data/person_dataset_seed123/images/train/frame_000391.jpg,11,205,126,282,248
train,images/train/frame_000391_person_12.jpg,data/person_dataset_seed123/images/train/frame_000391.jpg,12,200,46,302,118
train,images/train/frame_000391_person_13.jpg,data/person_dataset_seed123/images/train/frame_000391.jpg,13,118,82,195,144
train,images/train/frame_000391_person_14.jpg,data/person_dataset_seed123/images/train/frame_000391.jpg,14,98,190,186,237
train,images/train/frame_000391_person_15.jpg,data/person_dataset_seed123/images/train/frame_000391.jpg,15,143,140,226,229
train,images/train/frame_000391_person_16.jpg,data/person_dataset_seed123/images/train/frame_000391.jpg,16,106,547,182,611
train,images/train/frame_000391_person_17.jpg,data/person_dataset_seed123/images/train/frame_000391.jpg,17,223,581,300,650
train,images/train/frame_000391_person_18.jpg,data/person_dataset_seed123/images/train/frame_000391.jpg,18,289,594,376,668
train,images/train/frame_000392_person_00.jpg,data/person_dataset_seed123/images/train/frame_000392.jpg,0,499,226,634,388
train,images/train/frame_000392_person_01.jpg,data/person_dataset_seed123/images/train/frame_000392.jpg,1,590,277,691,416
train,images/train/frame_000392_person_02.jpg,data/person_dataset_seed123/images/train/frame_000392.jpg,2,688,295,798,401
train,images/train/frame_000392_person_03.jpg,data/person_dataset_seed123/images/train/frame_000392.jpg,3,688,162,789,246
train,images/train/frame_000392_person_04.jpg,data/person_dataset_seed123/images/train/frame_000392.jpg,4,703,456,798,554
train,images/train/frame_000392_person_05.jpg,data/person_dataset_seed123/images/train/frame_000392.jpg,5,558,476,681,606
train,images/train/frame_000392_person_06.jpg,data/person_dataset_seed123/images/train/frame_000392.jpg,6,672,595,761,663
train,images/train/frame_000392_person_07.jpg,data/person_dataset_seed123/images/train/frame_000392.jpg,7,558,633,651,703
train,images/train/frame_000392_person_08.jpg,data/person_dataset_seed123/images/train/frame_000392.jpg,8,288,594,374,670
train,images/train/frame_000392_person_09.jpg,data/person_dataset_seed123/images/train/frame_000392.jpg,9,220,578,302,666
train,images/train/frame_000392_person_10.jpg,data/person_dataset_seed123/images/train/frame_000392.jpg,10,105,546,194,611
train,images/train/frame_000392_person_11.jpg,data/person_dataset_seed123/images/train/frame_000392.jpg,11,265,122,378,208
train,images/train/frame_000392_person_12.jpg,data/person_dataset_seed123/images/train/frame_000392.jpg,12,211,131,285,235
train,images/train/frame_000392_person_13.jpg,data/person_dataset_seed123/images/train/frame_000392.jpg,13,114,83,204,137
train,images/train/frame_000392_person_14.jpg,data/person_dataset_seed123/images/train/frame_000392.jpg,14,158,132,226,224
train,images/train/frame_000392_person_15.jpg,data/person_dataset_seed123/images/train/frame_000392.jpg,15,98,186,175,235
train,images/train/frame_000392_person_16.jpg,data/person_dataset_seed123/images/train/frame_000392.jpg,16,201,50,299,121
train,images/train/frame_000392_person_17.jpg,data/person_dataset_seed123/images/train/frame_000392.jpg,17,424,0,513,84
train,images/train/frame_000392_person_18.jpg,data/person_dataset_seed123/images/train/frame_000392.jpg,18,525,2,614,106
train,images/train/frame_000412_person_00.jpg,data/person_dataset_seed123/images/train/frame_000412.jpg,0,701,456,795,556
train,images/train/frame_000412_person_01.jpg,data/person_dataset_seed123/images/train/frame_000412.jpg,1,558,479,680,608
train,images/train/frame_000412_person_02.jpg,data/person_dataset_seed123/images/train/frame_000412.jpg,2,588,274,704,414
train,images/train/frame_000412_person_03.jpg,data/person_dataset_seed123/images/train/frame_000412.jpg,3,686,159,791,246
train,images/train/frame_000412_person_04.jpg,data/person_dataset_seed123/images/train/frame_000412.jpg,4,691,294,794,393
train,images/train/frame_000412_person_05.jpg,data/person_dataset_seed123/images/train/frame_000412.jpg,5,684,594,759,664
train,images/train/frame_000412_person_06.jpg,data/person_dataset_seed123/images/train/frame_000412.jpg,6,560,631,653,704
train,images/train/frame_000412_person_07.jpg,data/person_dataset_seed123/images/train/frame_000412.jpg,7,485,583,570,720
train,images/train/frame_000412_person_08.jpg,data/person_dataset_seed123/images/train/frame_000412.jpg,8,526,4,607,104
train,images/train/frame_000412_person_09.jpg,data/person_dataset_seed123/images/train/frame_000412.jpg,9,415,0,511,92
train,images/train/frame_000412_person_10.jpg,data/person_dataset_seed123/images/train/frame_000412.jpg,10,203,50,300,124
train,images/train/frame_000412_person_11.jpg,data/person_dataset_seed123/images/train/frame_000412.jpg,11,281,103,379,201
train,images/train/frame_000412_person_12.jpg,data/person_dataset_seed123/images/train/frame_000412.jpg,12,204,139,292,260
train,images/train/frame_000412_person_13.jpg,data/person_dataset_seed123/images/train/frame_000412.jpg,13,149,148,228,225
train,images/train/frame_000412_person_14.jpg,data/person_dataset_seed123/images/train/frame_000412.jpg,14,102,187,174,242
train,images/train/frame_000412_person_15.jpg,data/person_dataset_seed123/images/train/frame_000412.jpg,15,118,83,205,150
train,images/train/frame_000412_person_16.jpg,data/person_dataset_seed123/images/train/frame_000412.jpg,16,148,440,266,539
train,images/train/frame_000412_person_17.jpg,data/person_dataset_seed123/images/train/frame_000412.jpg,17,104,548,193,611
train,images/train/frame_000412_person_18.jpg,data/person_dataset_seed123/images/train/frame_000412.jpg,18,218,579,302,656
train,images/train/frame_000412_person_19.jpg,data/person_dataset_seed123/images/train/frame_000412.jpg,19,290,596,374,668
train,images/train/frame_000417_person_00.jpg,data/person_dataset_seed123/images/train/frame_000417.jpg,0,500,625,559,720
train,images/train/frame_000417_person_01.jpg,data/person_dataset_seed123/images/train/frame_000417.jpg,1,558,647,644,701
train,images/train/frame_000417_person_02.jpg,data/person_dataset_seed123/images/train/frame_000417.jpg,2,672,615,760,661
train,images/train/frame_000417_person_03.jpg,data/person_dataset_seed123/images/train/frame_000417.jpg,3,564,483,678,601
train,images/train/frame_000417_person_04.jpg,data/person_dataset_seed123/images/train/frame_000417.jpg,4,705,460,795,547
train,images/train/frame_000417_person_05.jpg,data/person_dataset_seed123/images/train/frame_000417.jpg,5,586,280,708,412
train,images/train/frame_000417_person_06.jpg,data/person_dataset_seed123/images/train/frame_000417.jpg,6,691,295,794,405
train,images/train/frame_000417_person_07.jpg,data/person_dataset_seed123/images/train/frame_000417.jpg,7,685,160,789,242
train,images/train/frame_000417_person_08.jpg,data/person_dataset_seed123/images/train/frame_000417.jpg,8,518,0,613,99
train,images/train/frame_000417_person_09.jpg,data/person_dataset_seed123/images/train/frame_000417.jpg,9,412,0,526,79
train,images/train/frame_000417_person_10.jpg,data/person_dataset_seed123/images/train/frame_000417.jpg,10,275,114,379,201
train,images/train/frame_000417_person_11.jpg,data/person_dataset_seed123/images/train/frame_000417.jpg,11,206,48,300,121
train,images/train/frame_000417_person_12.jpg,data/person_dataset_seed123/images/train/frame_000417.jpg,12,118,86,207,155
train,images/train/frame_000417_person_13.jpg,data/person_dataset_seed123/images/train/frame_000417.jpg,13,205,147,290,248
train,images/train/frame_000417_person_14.jpg,data/person_dataset_seed123/images/train/frame_000417.jpg,14,148,154,225,233
train,images/train/frame_000417_person_15.jpg,data/person_dataset_seed123/images/train/frame_000417.jpg,15,98,189,173,240
train,images/train/frame_000417_person_16.jpg,data/person_dataset_seed123/images/train/frame_000417.jpg,16,150,454,266,536
train,images/train/frame_000417_person_17.jpg,data/person_dataset_seed123/images/train/frame_000417.jpg,17,107,543,188,613
train,images/train/frame_000417_person_18.jpg,data/person_dataset_seed123/images/train/frame_000417.jpg,18,222,579,301,660
train,images/train/frame_000417_person_19.jpg,data/person_dataset_seed123/images/train/frame_000417.jpg,19,293,594,371,668
train,images/train/frame_000423_person_00.jpg,data/person_dataset_seed123/images/train/frame_000423.jpg,0,148,444,264,543
train,images/train/frame_000423_person_01.jpg,data/person_dataset_seed123/images/train/frame_000423.jpg,1,107,545,188,612
train,images/train/frame_000423_person_02.jpg,data/person_dataset_seed123/images/train/frame_000423.jpg,2,219,581,303,659
train,images/train/frame_000423_person_03.jpg,data/person_dataset_seed123/images/train/frame_000423.jpg,3,290,595,370,666
train,images/train/frame_000423_person_04.jpg,data/person_dataset_seed123/images/train/frame_000423.jpg,4,472,601,564,720
train,images/train/frame_000423_person_05.jpg,data/person_dataset_seed123/images/train/frame_000423.jpg,5,560,637,649,703
train,images/train/frame_000423_person_06.jpg,data/person_dataset_seed123/images/train/frame_000423.jpg,6,678,609,761,662
train,images/train/frame_000423_person_07.jpg,data/person_dataset_seed123/images/train/frame_000423.jpg,7,698,459,795,558
train,images/train/frame_000423_person_08.jpg,data/person_dataset_seed123/images/train/frame_000423.jpg,8,564,485,678,606
train,images/train/frame_000423_person_09.jpg,data/person_dataset_seed123/images/train/frame_000423.jpg,9,687,156,792,244
train,images/train/frame_000423_person_10.jpg,data/person_dataset_seed123/images/train/frame_000423.jpg,10,690,295,794,405
train,images/train/frame_000423_person_11.jpg,data/person_dataset_seed123/images/train/frame_000423.jpg,11,587,279,706,409
train,images/train/frame_000423_person_12.jpg,data/person_dataset_seed123/images/train/frame_000423.jpg,12,526,0,611,108
train,images/train/frame_000423_person_13.jpg,data/person_dataset_seed123/images/train/frame_000423.jpg,13,411,0,526,83
train,images/train/frame_000423_person_14.jpg,data/person_dataset_seed123/images/train/frame_000423.jpg,14,119,82,198,154
train,images/train/frame_000423_person_15.jpg,data/person_dataset_seed123/images/train/frame_000423.jpg,15,204,45,303,116
train,images/train/frame_000423_person_16.jpg,data/person_dataset_seed123/images/train/frame_000423.jpg,16,271,105,383,203
train,images/train/frame_000423_person_17.jpg,data/person_dataset_seed123/images/train/frame_000423.jpg,17,200,137,309,253
train,images/train/frame_000423_person_18.jpg,data/person_dataset_seed123/images/train/frame_000423.jpg,18,148,153,225,226
train,images/train/frame_000423_person_19.jpg,data/person_dataset_seed123/images/train/frame_000423.jpg,19,101,190,170,244
train,images/train/frame_000435_person_00.jpg,data/person_dataset_seed123/images/train/frame_000435.jpg,0,494,427,639,617
train,images/train/frame_000435_person_01.jpg,data/person_dataset_seed123/images/train/frame_000435.jpg,1,592,476,677,600
train,images/train/frame_000435_person_02.jpg,data/person_dataset_seed123/images/train/frame_000435.jpg,2,702,457,796,555
train,images/train/frame_000435_person_03.jpg,data/person_dataset_seed123/images/train/frame_000435.jpg,3,681,604,762,662
train,images/train/frame_000435_person_04.jpg,data/person_dataset_seed123/images/train/frame_000435.jpg,4,561,636,646,703
train,images/train/frame_000435_person_05.jpg,data/person_dataset_seed123/images/train/frame_000435.jpg,5,289,594,377,667
train,images/train/frame_000435_person_06.jpg,data/person_dataset_seed123/images/train/frame_000435.jpg,6,223,581,301,664
train,images/train/frame_000435_person_07.jpg,data/person_dataset_seed123/images/train/frame_000435.jpg,7,104,545,190,614
train,images/train/frame_000435_person_08.jpg,data/person_dataset_seed123/images/train/frame_000435.jpg,8,146,443,268,540
train,images/train/frame_000435_person_09.jpg,data/person_dataset_seed123/images/train/frame_000435.jpg,9,526,0,611,115
train,images/train/frame_000435_person_10.jpg,data/person_dataset_seed123/images/train/frame_000435.jpg,10,423,0,523,98
train,images/train/frame_000435_person_11.jpg,data/person_dataset_seed123/images/train/frame_000435.jpg,11,270,96,378,205
train,images/train/frame_000435_person_12.jpg,data/person_dataset_seed123/images/train/frame_000435.jpg,12,206,45,304,126
train,images/train/frame_000435_person_13.jpg,data/person_dataset_seed123/images/train/frame_000435.jpg,13,115,83,210,154
train,images/train/frame_000435_person_14.jpg,data/person_dataset_seed123/images/train/frame_000435.jpg,14,205,151,293,254
train,images/train/frame_000435_person_15.jpg,data/person_dataset_seed123/images/train/frame_000435.jpg,15,139,159,224,229
train,images/train/frame_000435_person_16.jpg,data/person_dataset_seed123/images/train/frame_000435.jpg,16,101,192,178,238
train,images/train/frame_000435_person_17.jpg,data/person_dataset_seed123/images/train/frame_000435.jpg,17,688,159,790,236
train,images/train/frame_000435_person_18.jpg,data/person_dataset_seed123/images/train/frame_000435.jpg,18,688,295,800,404
train,images/train/frame_000435_person_19.jpg,data/person_dataset_seed123/images/train/frame_000435.jpg,19,596,276,708,416
train,images/train/frame_000439_person_00.jpg,data/person_dataset_seed123/images/train/frame_000439.jpg,0,509,362,649,459
train,images/train/frame_000439_person_01.jpg,data/person_dataset_seed123/images/train/frame_000439.jpg,1,591,278,708,412
train,images/train/frame_000439_person_02.jpg,data/person_dataset_seed123/images/train/frame_000439.jpg,2,691,314,799,403
train,images/train/frame_000439_person_03.jpg,data/person_dataset_seed123/images/train/frame_000439.jpg,3,688,161,791,236
train,images/train/frame_000439_person_04.jpg,data/person_dataset_seed123/images/train/frame_000439.jpg,4,704,459,795,549
train,images/train/frame_000439_person_05.jpg,data/person_dataset_seed123/images/train/frame_000439.jpg,5,563,480,677,608
train,images/train/frame_000439_person_06.jpg,data/person_dataset_seed123/images/train/frame_000439.jpg,6,685,596,761,661
train,images/train/frame_000439_person_07.jpg,data/person_dataset_seed123/images/train/frame_000439.jpg,7,556,630,653,702
train,images/train/frame_000439_person_08.jpg,data/person_dataset_seed123/images/train/frame_000439.jpg,8,524,0,610,106
train,images/train/frame_000439_person_09.jpg,data/person_dataset_seed123/images/train/frame_000439.jpg,9,429,0,521,91
train,images/train/frame_000439_person_10.jpg,data/person_dataset_seed123/images/train/frame_000439.jpg,10,277,93,378,206
train,images/train/frame_000439_person_11.jpg,data/person_dataset_seed123/images/train/frame_000439.jpg,11,211,45,302,130
train,images/train/frame_000439_person_12.jpg,data/person_dataset_seed123/images/train/frame_000439.jpg,12,118,84,203,153
train,images/train/frame_000439_person_13.jpg,data/person_dataset_seed123/images/train/frame_000439.jpg,13,203,148,308,257
train,images/train/frame_000439_person_14.jpg,data/person_dataset_seed123/images/train/frame_000439.jpg,14,140,157,226,228
train,images/train/frame_000439_person_15.jpg,data/person_dataset_seed123/images/train/frame_000439.jpg,15,100,191,174,242
train,images/train/frame_000439_person_16.jpg,data/person_dataset_seed123/images/train/frame_000439.jpg,16,149,453,272,542
train,images/train/frame_000439_person_17.jpg,data/person_dataset_seed123/images/train/frame_000439.jpg,17,103,543,189,609
train,images/train/frame_000439_person_18.jpg,data/person_dataset_seed123/images/train/frame_000439.jpg,18,220,575,306,668
train,images/train/frame_000439_person_19.jpg,data/person_dataset_seed123/images/train/frame_000439.jpg,19,292,595,372,669
train,images/train/frame_000450_person_00.jpg,data/person_dataset_seed123/images/train/frame_000450.jpg,0,479,25,577,266
train,images/train/frame_000450_person_01.jpg,data/person_dataset_seed123/images/train/frame_000450.jpg,1,540,0,615,114
train,images/train/frame_000450_person_02.jpg,data/person_dataset_seed123/images/train/frame_000450.jpg,2,426,0,512,99
train,images/train/frame_000450_person_03.jpg,data/person_dataset_seed123/images/train/frame_000450.jpg,3,684,160,791,237
train,images/train/frame_000450_person_04.jpg,data/person_dataset_seed123/images/train/frame_000450.jpg,4,675,313,797,403
train,images/train/frame_000450_person_05.jpg,data/person_dataset_seed123/images/train/frame_000450.jpg,5,586,282,711,409
train,images/train/frame_000450_person_06.jpg,data/person_dataset_seed123/images/train/frame_000450.jpg,6,700,458,795,553
train,images/train/frame_000450_person_07.jpg,data/person_dataset_seed123/images/train/frame_000450.jpg,7,561,475,678,605
train,images/train/frame_000450_person_08.jpg,data/person_dataset_seed123/images/train/frame_000450.jpg,8,677,597,756,660
train,images/train/frame_000450_person_09.jpg,data/person_dataset_seed123/images/train/frame_000450.jpg,9,558,632,649,703
train,images/train/frame_000450_person_10.jpg,data/person_dataset_seed123/images/train/frame_000450.jpg,10,288,596,374,665
train,images/train/frame_000450_person_11.jpg,data/person_dataset_seed123/images/train/frame_000450.jpg,11,218,581,303,656
train,images/train/frame_000450_person_12.jpg,data/person_dataset_seed123/images/train/frame_000450.jpg,12,106,550,187,608
train,images/train/frame_000450_person_13.jpg,data/person_dataset_seed123/images/train/frame_000450.jpg,13,147,487,256,532
train,images/train/frame_000450_person_14.jpg,data/person_dataset_seed123/images/train/frame_000450.jpg,14,312,63,392,205
train,images/train/frame_000450_person_15.jpg,data/person_dataset_seed123/images/train/frame_000450.jpg,15,217,42,301,137
train,images/train/frame_000450_person_16.jpg,data/person_dataset_seed123/images/train/frame_000450.jpg,16,118,84,199,149
train,images/train/frame_000450_person_17.jpg,data/person_dataset_seed123/images/train/frame_000450.jpg,17,194,145,300,253
train,images/train/frame_000450_person_18.jpg,data/person_dataset_seed123/images/train/frame_000450.jpg,18,143,157,217,230
train,images/train/frame_000450_person_19.jpg,data/person_dataset_seed123/images/train/frame_000450.jpg,19,99,191,169,245
train,images/train/frame_000456_person_00.jpg,data/person_dataset_seed123/images/train/frame_000456.jpg,0,410,0,493,181
train,images/train/frame_000456_person_01.jpg,data/person_dataset_seed123/images/train/frame_000456.jpg,1,515,0,614,105
train,images/train/frame_000456_person_02.jpg,data/person_dataset_seed123/images/train/frame_000456.jpg,2,688,160,790,237
train,images/train/frame_000456_person_03.jpg,data/person_dataset_seed123/images/train/frame_000456.jpg,3,679,317,797,404
train,images/train/frame_000456_person_04.jpg,data/person_dataset_seed123/images/train/frame_000456.jpg,4,590,280,708,419
train,images/train/frame_000456_person_05.jpg,data/person_dataset_seed123/images/train/frame_000456.jpg,5,701,460,797,560
train,images/train/frame_000456_person_06.jpg,data/person_dataset_seed123/images/train/frame_000456.jpg,6,674,600,761,660
train,images/train/frame_000456_person_07.jpg,data/person_dataset_seed123/images/train/frame_000456.jpg,7,561,478,680,607
train,images/train/frame_000456_person_08.jpg,data/person_dataset_seed123/images/train/frame_000456.jpg,8,557,634,651,702
train,images/train/frame_000456_person_09.jpg,data/person_dataset_seed123/images/train/frame_000456.jpg,9,308,61,396,204
train,images/train/frame_000456_person_10.jpg,data/person_dataset_seed123/images/train/frame_000456.jpg,10,142,48,262,126
train,images/train/frame_000456_person_11.jpg,data/person_dataset_seed123/images/train/frame_000456.jpg,11,118,86,202,149
train,images/train/frame_000456_person_12.jpg,data/person_dataset_seed123/images/train/frame_000456.jpg,12,197,145,297,257
train,images/train/frame_000456_person_13.jpg,data/person_dataset_seed123/images/train/frame_000456.jpg,13,142,154,226,235
train,images/train/frame_000456_person_14.jpg,data/person_dataset_seed123/images/train/frame_000456.jpg,14,100,186,171,246
train,images/train/frame_000456_person_15.jpg,data/person_dataset_seed123/images/train/frame_000456.jpg,15,103,543,193,608
train,images/train/frame_000456_person_16.jpg,data/person_dataset_seed123/images/train/frame_000456.jpg,16,220,581,303,663
train,images/train/frame_000456_person_17.jpg,data/person_dataset_seed123/images/train/frame_000456.jpg,17,286,593,375,663
train,images/train/frame_000459_person_00.jpg,data/person_dataset_seed123/images/train/frame_000459.jpg,0,388,0,515,180
train,images/train/frame_000459_person_01.jpg,data/person_dataset_seed123/images/train/frame_000459.jpg,1,440,0,509,69
train,images/train/frame_000459_person_02.jpg,data/person_dataset_seed123/images/train/frame_000459.jpg,2,515,0,613,100
train,images/train/frame_000459_person_03.jpg,data/person_dataset_seed123/images/train/frame_000459.jpg,3,685,160,788,237
train,images/train/frame_000459_person_04.jpg,data/person_dataset_seed123/images/train/frame_000459.jpg,4,683,306,793,400
train,images/train/frame_000459_person_05.jpg,data/person_dataset_seed123/images/train/frame_000459.jpg,5,584,280,710,409
train,images/train/frame_000459_person_06.jpg,data/person_dataset_seed123/images/train/frame_000459.jpg,6,701,457,796,551
train,images/train/frame_000459_person_07.jpg,data/person_dataset_seed123/images/train/frame_000459.jpg,7,560,477,679,606
train,images/train/frame_000459_person_08.jpg,data/person_dataset_seed123/images/train/frame_000459.jpg,8,680,602,759,661
train,images/train/frame_000459_person_09.jpg,data/person_dataset_seed123/images/train/frame_000459.jpg,9,557,635,651,702
train,images/train/frame_000459_person_10.jpg,data/person_dataset_seed123/images/train/frame_000459.jpg,10,311,56,404,205
train,images/train/frame_000459_person_11.jpg,data/person_dataset_seed123/images/train/frame_000459.jpg,11,196,145,301,258
train,images/train/frame_000459_person_12.jpg,data/person_dataset_seed123/images/train/frame_000459.jpg,12,119,67,257,156
train,images/train/frame_000459_person_13.jpg,data/person_dataset_seed123/images/train/frame_000459.jpg,13,140,152,224,229
train,images/train/frame_000459_person_14.jpg,data/person_dataset_seed123/images/train/frame_000459.jpg,14,100,191,170,240
train,images/train/frame_000459_person_15.jpg,data/person_dataset_seed123/images/train/frame_000459.jpg,15,104,543,195,609
train,images/train/frame_000459_person_16.jpg,data/person_dataset_seed123/images/train/frame_000459.jpg,16,219,580,308,662
train,images/train/frame_000459_person_17.jpg,data/person_dataset_seed123/images/train/frame_000459.jpg,17,283,594,374,663
train,images/train/frame_000476_person_00.jpg,data/person_dataset_seed123/images/train/frame_000476.jpg,0,498,201,610,369
train,images/train/frame_000476_person_01.jpg,data/person_dataset_seed123/images/train/frame_000476.jpg,1,307,78,393,200
train,images/train/frame_000476_person_02.jpg,data/person_dataset_seed123/images/train/frame_000476.jpg,2,518,1,613,105
train,images/train/frame_000476_person_03.jpg,data/person_dataset_seed123/images/train/frame_000476.jpg,3,426,0,526,86
train,images/train/frame_000476_person_04.jpg,data/person_dataset_seed123/images/train/frame_000476.jpg,4,685,163,791,231
train,images/train/frame_000476_person_05.jpg,data/person_dataset_seed123/images/train/frame_000476.jpg,5,682,304,795,403
train,images/train/frame_000476_person_06.jpg,data/person_dataset_seed123/images/train/frame_000476.jpg,6,584,283,708,408
train,images/train/frame_000476_person_07.jpg,data/person_dataset_seed123/images/train/frame_000476.jpg,7,702,457,797,559
train,images/train/frame_000476_person_08.jpg,data/person_dataset_seed123/images/train/frame_000476.jpg,8,676,610,759,658
train,images/train/frame_000476_person_09.jpg,data/person_dataset_seed123/images/train/frame_000476.jpg,9,562,476,677,605
train,images/train/frame_000476_person_10.jpg,data/person_dataset_seed123/images/train/frame_000476.jpg,10,558,636,649,701
train,images/train/frame_000476_person_11.jpg,data/person_dataset_seed123/images/train/frame_000476.jpg,11,204,150,296,255
train,images/train/frame_000476_person_12.jpg,data/person_dataset_seed123/images/train/frame_000476.jpg,12,150,152,226,234
train,images/train/frame_000476_person_13.jpg,data/person_dataset_seed123/images/train/frame_000476.jpg,13,101,194,170,238
train,images/train/frame_000476_person_14.jpg,data/person_dataset_seed123/images/train/frame_000476.jpg,14,121,87,197,152
train,images/train/frame_000476_person_15.jpg,data/person_dataset_seed123/images/train/frame_000476.jpg,15,149,439,269,542
train,images/train/frame_000476_person_16.jpg,data/person_dataset_seed123/images/train/frame_000476.jpg,16,105,543,194,614
train,images/train/frame_000476_person_17.jpg,data/person_dataset_seed123/images/train/frame_000476.jpg,17,219,578,303,668
train,images/train/frame_000476_person_18.jpg,data/person_dataset_seed123/images/train/frame_000476.jpg,18,290,596,370,667
train,images/train/frame_000486_person_00.jpg,data/person_dataset_seed123/images/train/frame_000486.jpg,0,478,444,602,660
train,images/train/frame_000486_person_01.jpg,data/person_dataset_seed123/images/train/frame_000486.jpg,1,572,476,679,595
train,images/train/frame_000486_person_02.jpg,data/person_dataset_seed123/images/train/frame_000486.jpg,2,702,458,800,551
train,images/train/frame_000486_person_03.jpg,data/person_dataset_seed123/images/train/frame_000486.jpg,3,672,608,761,660
train,images/train/frame_000486_person_04.jpg,data/person_dataset_seed123/images/train/frame_000486.jpg,4,555,633,653,704
train,images/train/frame_000486_person_05.jpg,data/person_dataset_seed123/images/train/frame_000486.jpg,5,688,159,789,235
train,images/train/frame_000486_person_06.jpg,data/person_dataset_seed123/images/train/frame_000486.jpg,6,684,317,796,401
train,images/train/frame_000486_person_07.jpg,data/person_dataset_seed123/images/train/frame_000486.jpg,7,583,280,709,412
train,images/train/frame_000486_person_08.jpg,data/person_dataset_seed123/images/train/frame_000486.jpg,8,516,1,615,104
train,images/train/frame_000486_person_09.jpg,data/person_dataset_seed123/images/train/frame_000486.jpg,9,421,0,524,84
train,images/train/frame_000486_person_10.jpg,data/person_dataset_seed123/images/train/frame_000486.jpg,10,309,81,388,203
train,images/train/frame_000486_person_11.jpg,data/person_dataset_seed123/images/train/frame_000486.jpg,11,205,146,308,255
train,images/train/frame_000486_person_12.jpg,data/person_dataset_seed123/images/train/frame_000486.jpg,12,153,155,222,234
train,images/train/frame_000486_person_13.jpg,data/person_dataset_seed123/images/train/frame_000486.jpg,13,101,192,180,241
train,images/train/frame_000486_person_14.jpg,data/person_dataset_seed123/images/train/frame_000486.jpg,14,119,86,201,151
train,images/train/frame_000486_person_15.jpg,data/person_dataset_seed123/images/train/frame_000486.jpg,15,104,544,196,610
train,images/train/frame_000486_person_16.jpg,data/person_dataset_seed123/images/train/frame_000486.jpg,16,224,577,308,662
train,images/train/frame_000486_person_17.jpg,data/person_dataset_seed123/images/train/frame_000486.jpg,17,285,595,375,662
train,images/train/frame_000493_person_00.jpg,data/person_dataset_seed123/images/train/frame_000493.jpg,0,686,159,791,240
train,images/train/frame_000493_person_01.jpg,data/person_dataset_seed123/images/train/frame_000493.jpg,1,683,303,794,400
train,images/train/frame_000493_person_02.jpg,data/person_dataset_seed123/images/train/frame_000493.jpg,2,583,278,707,410
train,images/train/frame_000493_person_03.jpg,data/person_dataset_seed123/images/train/frame_000493.jpg,3,698,457,798,560
train,images/train/frame_000493_person_04.jpg,data/person_dataset_seed123/images/train/frame_000493.jpg,4,564,477,678,608
train,images/train/frame_000493_person_05.jpg,data/person_dataset_seed123/images/train/frame_000493.jpg,5,468,572,568,720
train,images/train/frame_000493_person_06.jpg,data/person_dataset_seed123/images/train/frame_000493.jpg,6,560,633,647,701
train,images/train/frame_000493_person_07.jpg,data/person_dataset_seed123/images/train/frame_000493.jpg,7,672,611,761,661
train,images/train/frame_000493_person_08.jpg,data/person_dataset_seed123/images/train/frame_000493.jpg,8,515,3,616,102
train,images/train/frame_000493_person_09.jpg,data/person_dataset_seed123/images/train/frame_000493.jpg,9,419,0,523,93
train,images/train/frame_000493_person_10.jpg,data/person_dataset_seed123/images/train/frame_000493.jpg,10,299,74,390,205
train,images/train/frame_000493_person_11.jpg,data/person_dataset_seed123/images/train/frame_000493.jpg,11,199,143,300,254
train,images/train/frame_000493_person_12.jpg,data/person_dataset_seed123/images/train/frame_000493.jpg,12,146,155,221,232
train,images/train/frame_000493_person_13.jpg,data/person_dataset_seed123/images/train/frame_000493.jpg,13,100,192,181,239
train,images/train/frame_000493_person_14.jpg,data/person_dataset_seed123/images/train/frame_000493.jpg,14,121,88,190,148
train,images/train/frame_000493_person_15.jpg,data/person_dataset_seed123/images/train/frame_000493.jpg,15,105,547,189,612
train,images/train/frame_000493_person_16.jpg,data/person_dataset_seed123/images/train/frame_000493.jpg,16,220,579,310,669
train,images/train/frame_000493_person_17.jpg,data/person_dataset_seed123/images/train/frame_000493.jpg,17,292,595,373,665
train,images/train/frame_000502_person_00.jpg,data/person_dataset_seed123/images/train/frame_000502.jpg,0,517,3,615,110
train,images/train/frame_000502_person_01.jpg,data/person_dataset_seed123/images/train/frame_000502.jpg,1,424,0,526,92
train,images/train/frame_000502_person_02.jpg,data/person_dataset_seed123/images/train/frame_000502.jpg,2,682,160,790,234
train,images/train/frame_000502_person_03.jpg,data/person_dataset_seed123/images/train/frame_000502.jpg,3,679,316,798,401
train,images/train/frame_000502_person_04.jpg,data/person_dataset_seed123/images/train/frame_000502.jpg,4,586,280,711,409
train,images/train/frame_000502_person_05.jpg,data/person_dataset_seed123/images/train/frame_000502.jpg,5,701,459,799,556
train,images/train/frame_000502_person_06.jpg,data/person_dataset_seed123/images/train/frame_000502.jpg,6,562,480,676,607
train,images/train/frame_000502_person_07.jpg,data/person_dataset_seed123/images/train/frame_000502.jpg,7,559,632,651,702
train,images/train/frame_000502_person_08.jpg,data/person_dataset_seed123/images/train/frame_000502.jpg,8,674,609,763,660
train,images/train/frame_000502_person_09.jpg,data/person_dataset_seed123/images/train/frame_000502.jpg,9,459,582,558,720
train,images/train/frame_000502_person_10.jpg,data/person_dataset_seed123/images/train/frame_000502.jpg,10,297,78,384,203
train,images/train/frame_000502_person_11.jpg,data/person_dataset_seed123/images/train/frame_000502.jpg,11,193,153,309,241
train,images/train/frame_000502_person_12.jpg,data/person_dataset_seed123/images/train/frame_000502.jpg,12,149,151,228,234
train,images/train/frame_000502_person_13.jpg,data/person_dataset_seed123/images/train/frame_000502.jpg,13,118,83,209,156
train,images/train/frame_000502_person_14.jpg,data/person_dataset_seed123/images/train/frame_000502.jpg,14,97,190,175,235
train,images/train/frame_000502_person_15.jpg,data/person_dataset_seed123/images/train/frame_000502.jpg,15,105,546,191,611
train,images/train/frame_000502_person_16.jpg,data/person_dataset_seed123/images/train/frame_000502.jpg,16,222,584,307,668
train,images/train/frame_000502_person_17.jpg,data/person_dataset_seed123/images/train/frame_000502.jpg,17,292,597,370,673
train,images/train/frame_000509_person_00.jpg,data/person_dataset_seed123/images/train/frame_000509.jpg,0,302,82,385,205
train,images/train/frame_000509_person_01.jpg,data/person_dataset_seed123/images/train/frame_000509.jpg,1,420,0,524,92
train,images/train/frame_000509_person_02.jpg,data/person_dataset_seed123/images/train/frame_000509.jpg,2,514,0,616,107
train,images/train/frame_000509_person_03.jpg,data/person_dataset_seed123/images/train/frame_000509.jpg,3,686,161,789,235
train,images/train/frame_000509_person_04.jpg,data/person_dataset_seed123/images/train/frame_000509.jpg,4,676,317,800,402
train,images/train/frame_000509_person_05.jpg,data/person_dataset_seed123/images/train/frame_000509.jpg,5,584,279,698,411
train,images/train/frame_000509_person_06.jpg,data/person_dataset_seed123/images/train/frame_000509.jpg,6,700,455,799,556
train,images/train/frame_000509_person_07.jpg,data/person_dataset_seed123/images/train/frame_000509.jpg,7,671,594,762,665
train,images/train/frame_000509_person_08.jpg,data/person_dataset_seed123/images/train/frame_000509.jpg,8,560,640,647,701
train,images/train/frame_000509_person_09.jpg,data/person_dataset_seed123/images/train/frame_000509.jpg,9,564,476,680,604
train,images/train/frame_000509_person_10.jpg,data/person_dataset_seed123/images/train/frame_000509.jpg,10,476,467,594,680
train,images/train/frame_000509_person_11.jpg,data/person_dataset_seed123/images/train/frame_000509.jpg,11,291,599,373,672
train,images/train/frame_000509_person_12.jpg,data/person_dataset_seed123/images/train/frame_000509.jpg,12,227,581,304,669
train,images/train/frame_000509_person_13.jpg,data/person_dataset_seed123/images/train/frame_000509.jpg,13,103,545,192,611
train,images/train/frame_000509_person_14.jpg,data/person_dataset_seed123/images/train/frame_000509.jpg,14,198,148,308,235
train,images/train/frame_000509_person_15.jpg,data/person_dataset_seed123/images/train/frame_000509.jpg,15,144,150,223,238
train,images/train/frame_000509_person_16.jpg,data/person_dataset_seed123/images/train/frame_000509.jpg,16,116,85,201,149
train,images/train/frame_000513_person_00.jpg,data/person_dataset_seed123/images/train/frame_000513.jpg,0,304,83,387,198
train,images/train/frame_000513_person_01.jpg,data/person_dataset_seed123/images/train/frame_000513.jpg,1,518,0,608,109
train,images/train/frame_000513_person_02.jpg,data/person_dataset_seed123/images/train/frame_000513.jpg,2,425,0,524,88
train,images/train/frame_000513_person_03.jpg,data/person_dataset_seed123/images/train/frame_000513.jpg,3,686,160,791,234
train,images/train/frame_000513_person_04.jpg,data/person_dataset_seed123/images/train/frame_000513.jpg,4,681,307,794,405
train,images/train/frame_000513_person_05.jpg,data/person_dataset_seed123/images/train/frame_000513.jpg,5,589,276,695,413
train,images/train/frame_000513_person_06.jpg,data/person_dataset_seed123/images/train/frame_000513.jpg,6,492,396,620,582
train,images/train/frame_000513_person_07.jpg,data/person_dataset_seed123/images/train/frame_000513.jpg,7,595,476,674,597
train,images/train/frame_000513_person_08.jpg,data/person_dataset_seed123/images/train/frame_000513.jpg,8,701,456,799,550
train,images/train/frame_000513_person_09.jpg,data/person_dataset_seed123/images/train/frame_000513.jpg,9,687,593,757,662
train,images/train/frame_000513_person_10.jpg,data/person_dataset_seed123/images/train/frame_000513.jpg,10,556,632,653,704
train,images/train/frame_000513_person_11.jpg,data/person_dataset_seed123/images/train/frame_000513.jpg,11,293,601,372,669
train,images/train/frame_000513_person_12.jpg,data/person_dataset_seed123/images/train/frame_000513.jpg,12,228,581,310,667
train,images/train/frame_000513_person_13.jpg,data/person_dataset_seed123/images/train/frame_000513.jpg,13,106,547,187,616
train,images/train/frame_000513_person_14.jpg,data/person_dataset_seed123/images/train/frame_000513.jpg,14,198,150,309,236
train,images/train/frame_000513_person_15.jpg,data/person_dataset_seed123/images/train/frame_000513.jpg,15,118,86,206,152
train,images/train/frame_000513_person_16.jpg,data/person_dataset_seed123/images/train/frame_000513.jpg,16,146,152,224,235
train,images/train/frame_000513_person_17.jpg,data/person_dataset_seed123/images/train/frame_000513.jpg,17,101,191,171,243
train,images/train/frame_000518_person_00.jpg,data/person_dataset_seed123/images/train/frame_000518.jpg,0,494,326,652,432
train,images/train/frame_000518_person_01.jpg,data/person_dataset_seed123/images/train/frame_000518.jpg,1,611,282,696,413
train,images/train/frame_000518_person_02.jpg,data/person_dataset_seed123/images/train/frame_000518.jpg,2,684,309,798,403
train,images/train/frame_000518_person_03.jpg,data/person_dataset_seed123/images/train/frame_000518.jpg,3,684,162,790,234
train,images/train/frame_000518_person_04.jpg,data/person_dataset_seed123/images/train/frame_000518.jpg,4,699,457,798,552
train,images/train/frame_000518_person_05.jpg,data/person_dataset_seed123/images/train/frame_000518.jpg,5,562,476,675,598
train,images/train/frame_000518_person_06.jpg,data/person_dataset_seed123/images/train/frame_000518.jpg,6,676,609,762,661
train,images/train/frame_000518_person_07.jpg,data/person_dataset_seed123/images/train/frame_000518.jpg,7,552,632,648,702
train,images/train/frame_000518_person_08.jpg,data/person_dataset_seed123/images/train/frame_000518.jpg,8,290,600,373,667
train,images/train/frame_000518_person_09.jpg,data/person_dataset_seed123/images/train/frame_000518.jpg,9,230,582,307,669
train,images/train/frame_000518_person_10.jpg,data/person_dataset_seed123/images/train/frame_000518.jpg,10,108,540,197,615
train,images/train/frame_000518_person_11.jpg,data/person_dataset_seed123/images/train/frame_000518.jpg,11,514,2,614,102
train,images/train/frame_000518_person_12.jpg,data/person_dataset_seed123/images/train/frame_000518.jpg,12,421,0,524,92
train,images/train/frame_000518_person_13.jpg,data/person_dataset_seed123/images/train/frame_000518.jpg,13,306,80,386,204
train,images/train/frame_000518_person_14.jpg,data/person_dataset_seed123/images/train/frame_000518.jpg,14,201,148,309,234
train,images/train/frame_000518_person_15.jpg,data/person_dataset_seed123/images/train/frame_000518.jpg,15,145,151,228,235
train,images/train/frame_000518_person_16.jpg,data/person_dataset_seed123/images/train/frame_000518.jpg,16,96,188,172,242
train,images/train/frame_000528_person_00.jpg,data/person_dataset_seed123/images/train/frame_000528.jpg,0,686,160,789,237
train,images/train/frame_000528_person_01.jpg,data/person_dataset_seed123/images/train/frame_000528.jpg,1,680,316,798,404
train,images/train/frame_000528_person_02.jpg,data/person_dataset_seed123/images/train/frame_000528.jpg,2,586,283,702,410
train,images/train/frame_000528_person_03.jpg,data/person_dataset_seed123/images/train/frame_000528.jpg,3,699,457,798,554
train,images/train/frame_000528_person_04.jpg,data/person_dataset_seed123/images/train/frame_000528.jpg,4,563,479,677,602
train,images/train/frame_000528_person_05.jpg,data/person_dataset_seed123/images/train/frame_000528.jpg,5,674,609,762,661
train,images/train/frame_000528_person_06.jpg,data/person_dataset_seed123/images/train/frame_000528.jpg,6,561,632,656,700
train,images/train/frame_000528_person_07.jpg,data/person_dataset_seed123/images/train/frame_000528.jpg,7,293,599,381,684
train,images/train/frame_000528_person_08.jpg,data/person_dataset_seed123/images/train/frame_000528.jpg,8,224,581,304,664
train,images/train/frame_000528_person_09.jpg,data/person_dataset_seed123/images/train/frame_000528.jpg,9,109,545,191,616
train,images/train/frame_000528_person_10.jpg,data/person_dataset_seed123/images/train/frame_000528.jpg,10,148,469,265,539
train,images/train/frame_000528_person_11.jpg,data/person_dataset_seed123/images/train/frame_000528.jpg,11,513,47,644,250
train,images/train/frame_000528_person_12.jpg,data/person_dataset_seed123/images/train/frame_000528.jpg,12,513,0,616,99
train,images/train/frame_000528_person_13.jpg,data/person_dataset_seed123/images/train/frame_000528.jpg,13,423,0,523,86
train,images/train/frame_000528_person_14.jpg,data/person_dataset_seed123/images/train/frame_000528.jpg,14,302,75,384,200
train,images/train/frame_000528_person_15.jpg,data/person_dataset_seed123/images/train/frame_000528.jpg,15,203,155,295,230
train,images/train/frame_000528_person_16.jpg,data/person_dataset_seed123/images/train/frame_000528.jpg,16,144,150,222,237
train,images/train/frame_000528_person_17.jpg,data/person_dataset_seed123/images/train/frame_000528.jpg,17,119,78,196,148
train,images/train/frame_000528_person_18.jpg,data/person_dataset_seed123/images/train/frame_000528.jpg,18,100,189,166,242
train,images/train/frame_000612_person_00.jpg,data/person_dataset_seed123/images/train/frame_000612.jpg,0,514,0,616,103
train,images/train/frame_000612_person_01.jpg,data/person_dataset_seed123/images/train/frame_000612.jpg,1,684,156,796,241
train,images/train/frame_000612_person_02.jpg,data/person_dataset_seed123/images/train/frame_000612.jpg,2,679,312,799,403
train,images/train/frame_000612_person_03.jpg,data/person_dataset_seed123/images/train/frame_000612.jpg,3,583,315,698,405
train,images/train/frame_000612_person_04.jpg,data/person_dataset_seed123/images/train/frame_000612.jpg,4,702,457,796,551
train,images/train/frame_000612_person_05.jpg,data/person_dataset_seed123/images/train/frame_000612.jpg,5,564,474,679,606
train,images/train/frame_000612_person_06.jpg,data/person_dataset_seed123/images/train/frame_000612.jpg,6,677,603,764,662
train,images/train/frame_000612_person_07.jpg,data/person_dataset_seed123/images/train/frame_000612.jpg,7,558,633,650,704
train,images/train/frame_000612_person_08.jpg,data/person_dataset_seed123/images/train/frame_000612.jpg,8,407,507,517,720
train,images/train/frame_000612_person_09.jpg,data/person_dataset_seed123/images/train/frame_000612.jpg,9,220,579,306,671
train,images/train/frame_000612_person_10.jpg,data/person_dataset_seed123/images/train/frame_000612.jpg,10,105,543,193,611
train,images/train/frame_000612_person_11.jpg,data/person_dataset_seed123/images/train/frame_000612.jpg,11,148,440,270,543
train,images/train/frame_000612_person_12.jpg,data/person_dataset_seed123/images/train/frame_000612.jpg,12,286,90,379,204
train,images/train/frame_000612_person_13.jpg,data/person_dataset_seed123/images/train/frame_000612.jpg,13,218,30,306,133
train,images/train/frame_000612_person_14.jpg,data/person_dataset_seed123/images/train/frame_000612.jpg,14,119,85,206,154
train,images/train/frame_000612_person_15.jpg,data/person_dataset_seed123/images/train/frame_000612.jpg,15,199,149,304,233
train,images/train/frame_000612_person_16.jpg,data/person_dataset_seed123/images/train/frame_000612.jpg,16,147,141,230,233
train,images/train/frame_000612_person_17.jpg,data/person_dataset_seed123/images/train/frame_000612.jpg,17,99,192,182,244
train,images/train/frame_000615_person_00.jpg,data/person_dataset_seed123/images/train/frame_000615.jpg,0,515,0,616,113
train,images/train/frame_000615_person_01.jpg,data/person_dataset_seed123/images/train/frame_000615.jpg,1,415,0,524,83
train,images/train/frame_000615_person_02.jpg,data/person_dataset_seed123/images/train/frame_000615.jpg,2,684,159,793,241
train,images/train/frame_000615_person_03.jpg,data/person_dataset_seed123/images/train/frame_000615.jpg,3,683,306,796,405
train,images/train/frame_000615_person_04.jpg,data/person_dataset_seed123/images/train/frame_000615.jpg,4,582,312,700,407
train,images/train/frame_000615_person_05.jpg,data/person_dataset_seed123/images/train/frame_000615.jpg,5,701,458,799,551
train,images/train/frame_000615_person_06.jpg,data/person_dataset_seed123/images/train/frame_000615.jpg,6,564,477,681,602
train,images/train/frame_000615_person_07.jpg,data/person_dataset_seed123/images/train/frame_000615.jpg,7,682,594,760,663
train,images/train/frame_000615_person_08.jpg,data/person_dataset_seed123/images/train/frame_000615.jpg,8,561,631,648,702
train,images/train/frame_000615_person_09.jpg,data/person_dataset_seed123/images/train/frame_000615.jpg,9,379,471,527,706
train,images/train/frame_000615_person_10.jpg,data/person_dataset_seed123/images/train/frame_000615.jpg,10,289,594,373,667
train,images/train/frame_000615_person_11.jpg,data/person_dataset_seed123/images/train/frame_000615.jpg,11,224,580,309,673
train,images/train/frame_000615_person_12.jpg,data/person_dataset_seed123/images/train/frame_000615.jpg,12,106,544,193,613
train,images/train/frame_000615_person_13.jpg,data/person_dataset_seed123/images/train/frame_000615.jpg,13,147,440,269,541
train,images/train/frame_000615_person_14.jpg,data/person_dataset_seed123/images/train/frame_000615.jpg,14,287,87,378,206
train,images/train/frame_000615_person_15.jpg,data/person_dataset_seed123/images/train/frame_000615.jpg,15,223,27,306,129
train,images/train/frame_000615_person_16.jpg,data/person_dataset_seed123/images/train/frame_000615.jpg,16,121,83,192,149
train,images/train/frame_000615_person_17.jpg,data/person_dataset_seed123/images/train/frame_000615.jpg,17,199,149,298,239
train,images/train/frame_000615_person_18.jpg,data/person_dataset_seed123/images/train/frame_000615.jpg,18,152,144,223,228
train,images/train/frame_000615_person_19.jpg,data/person_dataset_seed123/images/train/frame_000615.jpg,19,94,189,186,241
train,images/train/frame_000625_person_00.jpg,data/person_dataset_seed123/images/train/frame_000625.jpg,0,683,157,793,240
train,images/train/frame_000625_person_01.jpg,data/person_dataset_seed123/images/train/frame_000625.jpg,1,678,301,794,401
train,images/train/frame_000625_person_02.jpg,data/person_dataset_seed123/images/train/frame_000625.jpg,2,580,311,702,403
train,images/train/frame_000625_person_03.jpg,data/person_dataset_seed123/images/train/frame_000625.jpg,3,699,458,797,554
train,images/train/frame_000625_person_04.jpg,data/person_dataset_seed123/images/train/frame_000625.jpg,4,564,478,691,590
train,images/train/frame_000625_person_05.jpg,data/person_dataset_seed123/images/train/frame_000625.jpg,5,672,607,761,660
train,images/train/frame_000625_person_06.jpg,data/person_dataset_seed123/images/train/frame_000625.jpg,6,557,634,651,700
train,images/train/frame_000625_person_07.jpg,data/person_dataset_seed123/images/train/frame_000625.jpg,7,429,477,531,671
train,images/train/frame_000625_person_08.jpg,data/person_dataset_seed123/images/train/frame_000625.jpg,8,287,593,374,666
train,images/train/frame_000625_person_09.jpg,data/person_dataset_seed123/images/train/frame_000625.jpg,9,222,578,305,667
train,images/train/frame_000625_person_10.jpg,data/person_dataset_seed123/images/train/frame_000625.jpg,10,105,544,196,615
train,images/train/frame_000625_person_11.jpg,data/person_dataset_seed123/images/train/frame_000625.jpg,11,147,455,265,541
train,images/train/frame_000625_person_12.jpg,data/person_dataset_seed123/images/train/frame_000625.jpg,12,514,4,615,100
train,images/train/frame_000625_person_13.jpg,data/person_dataset_seed123/images/train/frame_000625.jpg,13,413,0,523,90
train,images/train/frame_000625_person_14.jpg,data/person_dataset_seed123/images/train/frame_000625.jpg,14,288,88,381,204
train,images/train/frame_000625_person_15.jpg,data/person_dataset_seed123/images/train/frame_000625.jpg,15,214,29,305,126
train,images/train/frame_000625_person_16.jpg,data/person_dataset_seed123/images/train/frame_000625.jpg,16,120,84,204,149
train,images/train/frame_000625_person_17.jpg,data/person_dataset_seed123/images/train/frame_000625.jpg,17,208,146,297,256
train,images/train/frame_000625_person_18.jpg,data/person_dataset_seed123/images/train/frame_000625.jpg,18,145,142,226,233
train,images/train/frame_000625_person_19.jpg,data/person_dataset_seed123/images/train/frame_000625.jpg,19,100,192,183,243
train,images/train/frame_000633_person_00.jpg,data/person_dataset_seed123/images/train/frame_000633.jpg,0,685,157,792,238
train,images/train/frame_000633_person_01.jpg,data/person_dataset_seed123/images/train/frame_000633.jpg,1,686,295,790,404
train,images/train/frame_000633_person_02.jpg,data/person_dataset_seed123/images/train/frame_000633.jpg,2,580,308,702,406
train,images/train/frame_000633_person_03.jpg,data/person_dataset_seed123/images/train/frame_000633.jpg,3,703,457,799,551
train,images/train/frame_000633_person_04.jpg,data/person_dataset_seed123/images/train/frame_000633.jpg,4,678,598,761,662
train,images/train/frame_000633_person_05.jpg,data/person_dataset_seed123/images/train/frame_000633.jpg,5,565,477,693,593
train,images/train/frame_000633_person_06.jpg,data/person_dataset_seed123/images/train/frame_000633.jpg,6,556,633,652,700
train,images/train/frame_000633_person_07.jpg,data/person_dataset_seed123/images/train/frame_000633.jpg,7,399,474,521,676
train,images/train/frame_000633_person_08.jpg,data/person_dataset_seed123/images/train/frame_000633.jpg,8,516,3,615,115
train,images/train/frame_000633_person_09.jpg,data/person_dataset_seed123/images/train/frame_000633.jpg,9,408,0,523,87
train,images/train/frame_000633_person_10.jpg,data/person_dataset_seed123/images/train/frame_000633.jpg,10,215,27,306,124
train,images/train/frame_000633_person_11.jpg,data/person_dataset_seed123/images/train/frame_000633.jpg,11,291,85,378,205
train,images/train/frame_000633_person_12.jpg,data/person_dataset_seed123/images/train/frame_000633.jpg,12,206,147,298,253
train,images/train/frame_000633_person_13.jpg,data/person_dataset_seed123/images/train/frame_000633.jpg,13,140,143,227,230
train,images/train/frame_000633_person_14.jpg,data/person_dataset_seed123/images/train/frame_000633.jpg,14,99,191,183,241
train,images/train/frame_000633_person_15.jpg,data/person_dataset_seed123/images/train/frame_000633.jpg,15,121,82,196,143
train,images/train/frame_000633_person_16.jpg,data/person_dataset_seed123/images/train/frame_000633.jpg,16,147,445,269,542
train,images/train/frame_000633_person_17.jpg,data/person_dataset_seed123/images/train/frame_000633.jpg,17,107,541,187,616
train,images/train/frame_000633_person_18.jpg,data/person_dataset_seed123/images/train/frame_000633.jpg,18,224,578,306,670
train,images/train/frame_000633_person_19.jpg,data/person_dataset_seed123/images/train/frame_000633.jpg,19,288,596,374,665
train,images/train/frame_000639_person_00.jpg,data/person_dataset_seed123/images/train/frame_000639.jpg,0,684,160,788,235
train,images/train/frame_000639_person_01.jpg,data/person_dataset_seed123/images/train/frame_000639.jpg,1,678,295,793,402
train,images/train/frame_000639_person_02.jpg,data/person_dataset_seed123/images/train/frame_000639.jpg,2,581,311,702,404
train,images/train/frame_000639_person_03.jpg,data/person_dataset_seed123/images/train/frame_000639.jpg,3,701,456,798,555
train,images/train/frame_000639_person_04.jpg,data/person_dataset_seed123/images/train/frame_000639.jpg,4,557,476,693,596
train,images/train/frame_000639_person_05.jpg,data/person_dataset_seed123/images/train/frame_000639.jpg,5,679,594,759,658
train,images/train/frame_000639_person_06.jpg,data/person_dataset_seed123/images/train/frame_000639.jpg,6,557,632,651,703
train,images/train/frame_000639_person_07.jpg,data/person_dataset_seed123/images/train/frame_000639.jpg,7,415,470,538,720
train,images/train/frame_000639_person_08.jpg,data/person_dataset_seed123/images/train/frame_000639.jpg,8,288,596,374,667
train,images/train/frame_000639_person_09.jpg,data/person_dataset_seed123/images/train/frame_000639.jpg,9,221,582,305,667
train,images/train/frame_000639_person_10.jpg,data/person_dataset_seed123/images/train/frame_000639.jpg,10,146,437,271,542
train,images/train/frame_000639_person_11.jpg,data/person_dataset_seed123/images/train/frame_000639.jpg,11,111,550,184,616
train,images/train/frame_000639_person_12.jpg,data/person_dataset_seed123/images/train/frame_000639.jpg,12,512,0,615,118
train,images/train/frame_000639_person_13.jpg,data/person_dataset_seed123/images/train/frame_000639.jpg,13,410,0,524,88
train,images/train/frame_000639_person_14.jpg,data/person_dataset_seed123/images/train/frame_000639.jpg,14,215,28,307,132
train,images/train/frame_000639_person_15.jpg,data/person_dataset_seed123/images/train/frame_000639.jpg,15,288,86,381,202
train,images/train/frame_000639_person_16.jpg,data/person_dataset_seed123/images/train/frame_000639.jpg,16,209,146,302,255
train,images/train/frame_000639_person_17.jpg,data/person_dataset_seed123/images/train/frame_000639.jpg,17,137,147,227,232
train,images/train/frame_000639_person_18.jpg,data/person_dataset_seed123/images/train/frame_000639.jpg,18,97,191,177,240
train,images/train/frame_000639_person_19.jpg,data/person_dataset_seed123/images/train/frame_000639.jpg,19,120,81,200,148
train,images/train/frame_000647_person_00.jpg,data/person_dataset_seed123/images/train/frame_000647.jpg,0,682,159,791,235
train,images/train/frame_000647_person_01.jpg,data/person_dataset_seed123/images/train/frame_000647.jpg,1,680,298,796,403
train,images/train/frame_000647_person_02.jpg,data/person_dataset_seed123/images/train/frame_000647.jpg,2,581,301,702,409
train,images/train/frame_000647_person_03.jpg,data/person_dataset_seed123/images/train/frame_000647.jpg,3,700,458,796,551
train,images/train/frame_000647_person_04.jpg,data/person_dataset_seed123/images/train/frame_000647.jpg,4,561,479,695,593
train,images/train/frame_000647_person_05.jpg,data/person_dataset_seed123/images/train/frame_000647.jpg,5,668,609,761,662
train,images/train/frame_000647_person_06.jpg,data/person_dataset_seed123/images/train/frame_000647.jpg,6,554,633,654,702
train,images/train/frame_000647_person_07.jpg,data/person_dataset_seed123/images/train/frame_000647.jpg,7,433,474,513,720
train,images/train/frame_000647_person_08.jpg,data/person_dataset_seed123/images/train/frame_000647.jpg,8,287,598,374,665
train,images/train/frame_000647_person_09.jpg,data/person_dataset_seed123/images/train/frame_000647.jpg,9,225,583,307,667
train,images/train/frame_000647_person_10.jpg,data/person_dataset_seed123/images/train/frame_000647.jpg,10,146,463,267,540
train,images/train/frame_000647_person_11.jpg,data/person_dataset_seed123/images/train/frame_000647.jpg,11,108,548,197,615
train,images/train/frame_000647_person_12.jpg,data/person_dataset_seed123/images/train/frame_000647.jpg,12,520,0,615,109
train,images/train/frame_000647_person_13.jpg,data/person_dataset_seed123/images/train/frame_000647.jpg,13,415,0,524,91
train,images/train/frame_000647_person_14.jpg,data/person_dataset_seed123/images/train/frame_000647.jpg,14,284,89,379,207
train,images/train/frame_000647_person_15.jpg,data/person_dataset_seed123/images/train/frame_000647.jpg,15,216,28,307,121
train,images/train/frame_000647_person_16.jpg,data/person_dataset_seed123/images/train/frame_000647.jpg,16,210,146,294,251
train,images/train/frame_000647_person_17.jpg,data/person_dataset_seed123/images/train/frame_000647.jpg,17,135,149,228,225
train,images/train/frame_000647_person_18.jpg,data/person_dataset_seed123/images/train/frame_000647.jpg,18,101,184,170,240
train,images/train/frame_000647_person_19.jpg,data/person_dataset_seed123/images/train/frame_000647.jpg,19,121,85,200,144
train,images/train/frame_000657_person_00.jpg,data/person_dataset_seed123/images/train/frame_000657.jpg,0,686,160,787,240
train,images/train/frame_000657_person_01.jpg,data/person_dataset_seed123/images/train/frame_000657.jpg,1,679,294,789,403
train,images/train/frame_000657_person_02.jpg,data/person_dataset_seed123/images/train/frame_000657.jpg,2,583,306,701,407
train,images/train/frame_000657_person_03.jpg,data/person_dataset_seed123/images/train/frame_000657.jpg,3,702,457,798,558
train,images/train/frame_000657_person_04.jpg,data/person_dataset_seed123/images/train/frame_000657.jpg,4,560,476,681,592
train,images/train/frame_000657_person_05.jpg,data/person_dataset_seed123/images/train/frame_000657.jpg,5,675,606,760,661
train,images/train/frame_000657_person_06.jpg,data/person_dataset_seed123/images/train/frame_000657.jpg,6,556,635,650,702
train,images/train/frame_000657_person_07.jpg,data/person_dataset_seed123/images/train/frame_000657.jpg,7,427,480,525,682
train,images/train/frame_000657_person_08.jpg,data/person_dataset_seed123/images/train/frame_000657.jpg,8,289,595,372,663
train,images/train/frame_000657_person_09.jpg,data/person_dataset_seed123/images/train/frame_000657.jpg,9,215,580,305,663
train,images/train/frame_000657_person_10.jpg,data/person_dataset_seed123/images/train/frame_000657.jpg,10,108,550,194,613
train,images/train/frame_000657_person_11.jpg,data/person_dataset_seed123/images/train/frame_000657.jpg,11,287,90,380,203
train,images/train/frame_000657_person_12.jpg,data/person_dataset_seed123/images/train/frame_000657.jpg,12,411,0,525,94
train,images/train/frame_000657_person_13.jpg,data/person_dataset_seed123/images/train/frame_000657.jpg,13,522,0,614,104
train,images/train/frame_000657_person_14.jpg,data/person_dataset_seed123/images/train/frame_000657.jpg,14,213,27,306,129
train,images/train/frame_000657_person_15.jpg,data/person_dataset_seed123/images/train/frame_000657.jpg,15,121,84,193,146
train,images/train/frame_000657_person_16.jpg,data/person_dataset_seed123/images/train/frame_000657.jpg,16,205,147,298,254
train,images/train/frame_000657_person_17.jpg,data/person_dataset_seed123/images/train/frame_000657.jpg,17,137,145,229,233
train,images/train/frame_000657_person_18.jpg,data/person_dataset_seed123/images/train/frame_000657.jpg,18,98,177,179,218
train,images/train/frame_000666_person_00.jpg,data/person_dataset_seed123/images/train/frame_000666.jpg,0,517,0,616,105
train,images/train/frame_000666_person_01.jpg,data/person_dataset_seed123/images/train/frame_000666.jpg,1,412,0,526,86
train,images/train/frame_000666_person_02.jpg,data/person_dataset_seed123/images/train/frame_000666.jpg,2,686,161,787,236
train,images/train/frame_000666_person_03.jpg,data/person_dataset_seed123/images/train/frame_000666.jpg,3,683,296,791,402
train,images/train/frame_000666_person_04.jpg,data/person_dataset_seed123/images/train/frame_000666.jpg,4,581,314,693,400
train,images/train/frame_000666_person_05.jpg,data/person_dataset_seed123/images/train/frame_000666.jpg,5,699,458,797,553
train,images/train/frame_000666_person_06.jpg,data/person_dataset_seed123/images/train/frame_000666.jpg,6,567,477,672,600
train,images/train/frame_000666_person_07.jpg,data/person_dataset_seed123/images/train/frame_000666.jpg,7,674,601,761,661
train,images/train/frame_000666_person_08.jpg,data/person_dataset_seed123/images/train/frame_000666.jpg,8,556,636,652,700
train,images/train/frame_000666_person_09.jpg,data/person_dataset_seed123/images/train/frame_000666.jpg,9,443,488,525,711
train,images/train/frame_000666_person_10.jpg,data/person_dataset_seed123/images/train/frame_000666.jpg,10,290,596,375,667
train,images/train/frame_000666_person_11.jpg,data/person_dataset_seed123/images/train/frame_000666.jpg,11,212,582,302,658
train,images/train/frame_000666_person_12.jpg,data/person_dataset_seed123/images/train/frame_000666.jpg,12,109,550,193,616
train,images/train/frame_000666_person_13.jpg,data/person_dataset_seed123/images/train/frame_000666.jpg,13,286,85,377,206
train,images/train/frame_000666_person_14.jpg,data/person_dataset_seed123/images/train/frame_000666.jpg,14,214,29,304,125
train,images/train/frame_000666_person_15.jpg,data/person_dataset_seed123/images/train/frame_000666.jpg,15,117,81,200,147
train,images/train/frame_000666_person_16.jpg,data/person_dataset_seed123/images/train/frame_000666.jpg,16,206,146,299,252
train,images/train/frame_000666_person_17.jpg,data/person_dataset_seed123/images/train/frame_000666.jpg,17,145,146,225,230
train,images/train/frame_000666_person_18.jpg,data/person_dataset_seed123/images/train/frame_000666.jpg,18,101,180,180,224
train,images/train/frame_000674_person_00.jpg,data/person_dataset_seed123/images/train/frame_000674.jpg,0,520,1,613,105
train,images/train/frame_000674_person_01.jpg,data/person_dataset_seed123/images/train/frame_000674.jpg,1,425,0,522,102
train,images/train/frame_000674_person_02.jpg,data/person_dataset_seed123/images/train/frame_000674.jpg,2,681,158,787,237
train,images/train/frame_000674_person_03.jpg,data/person_dataset_seed123/images/train/frame_000674.jpg,3,680,295,792,401
train,images/train/frame_000674_person_04.jpg,data/person_dataset_seed123/images/train/frame_000674.jpg,4,581,311,698,406
train,images/train/frame_000674_person_05.jpg,data/person_dataset_seed123/images/train/frame_000674.jpg,5,703,455,799,554
train,images/train/frame_000674_person_06.jpg,data/person_dataset_seed123/images/train/frame_000674.jpg,6,669,607,761,657
train,images/train/frame_000674_person_07.jpg,data/person_dataset_seed123/images/train/frame_000674.jpg,7,562,477,674,602
train,images/train/frame_000674_person_08.jpg,data/person_dataset_seed123/images/train/frame_000674.jpg,8,554,632,655,702
train,images/train/frame_000674_person_09.jpg,data/person_dataset_seed123/images/train/frame_000674.jpg,9,436,485,525,691
train,images/train/frame_000674_person_10.jpg,data/person_dataset_seed123/images/train/frame_000674.jpg,10,289,595,373,665
train,images/train/frame_000674_person_11.jpg,data/person_dataset_seed123/images/train/frame_000674.jpg,11,205,583,306,659
train,images/train/frame_000674_person_12.jpg,data/person_dataset_seed123/images/train/frame_000674.jpg,12,107,551,191,617
train,images/train/frame_000674_person_13.jpg,data/person_dataset_seed123/images/train/frame_000674.jpg,13,283,90,377,201
train,images/train/frame_000674_person_14.jpg,data/person_dataset_seed123/images/train/frame_000674.jpg,14,208,148,295,253
train,images/train/frame_000674_person_15.jpg,data/person_dataset_seed123/images/train/frame_000674.jpg,15,139,145,227,233
train,images/train/frame_000674_person_16.jpg,data/person_dataset_seed123/images/train/frame_000674.jpg,16,99,200,165,242
train,images/train/frame_000674_person_17.jpg,data/person_dataset_seed123/images/train/frame_000674.jpg,17,120,83,191,146
train,images/train/frame_000674_person_18.jpg,data/person_dataset_seed123/images/train/frame_000674.jpg,18,213,27,302,119
train,images/train/frame_000688_person_00.jpg,data/person_dataset_seed123/images/train/frame_000688.jpg,0,107,544,194,613
train,images/train/frame_000688_person_01.jpg,data/person_dataset_seed123/images/train/frame_000688.jpg,1,211,581,303,656
train,images/train/frame_000688_person_02.jpg,data/person_dataset_seed123/images/train/frame_000688.jpg,2,291,593,372,662
train,images/train/frame_000688_person_03.jpg,data/person_dataset_seed123/images/train/frame_000688.jpg,3,428,487,527,682
train,images/train/frame_000688_person_04.jpg,data/person_dataset_seed123/images/train/frame_000688.jpg,4,555,475,674,608
train,images/train/frame_000688_person_05.jpg,data/person_dataset_seed123/images/train/frame_000688.jpg,5,703,458,799,560
train,images/train/frame_000688_person_06.jpg,data/person_dataset_seed123/images/train/frame_000688.jpg,6,671,606,760,661
train,images/train/frame_000688_person_07.jpg,data/person_dataset_seed123/images/train/frame_000688.jpg,7,556,646,644,720
train,images/train/frame_000688_person_08.jpg,data/person_dataset_seed123/images/train/frame_000688.jpg,8,583,312,704,408
train,images/train/frame_000688_person_09.jpg,data/person_dataset_seed123/images/train/frame_000688.jpg,9,685,300,795,399
train,images/train/frame_000688_person_10.jpg,data/person_dataset_seed123/images/train/frame_000688.jpg,10,683,154,786,232
train,images/train/frame_000688_person_11.jpg,data/person_dataset_seed123/images/train/frame_000688.jpg,11,514,2,615,105
train,images/train/frame_000688_person_12.jpg,data/person_dataset_seed123/images/train/frame_000688.jpg,12,423,0,524,93
train,images/train/frame_000688_person_13.jpg,data/person_dataset_seed123/images/train/frame_000688.jpg,13,284,92,378,203
train,images/train/frame_000688_person_14.jpg,data/person_dataset_seed123/images/train/frame_000688.jpg,14,209,147,295,250
train,images/train/frame_000688_person_15.jpg,data/person_dataset_seed123/images/train/frame_000688.jpg,15,148,143,229,230
train,images/train/frame_000688_person_16.jpg,data/person_dataset_seed123/images/train/frame_000688.jpg,16,105,182,174,234
train,images/train/frame_000688_person_17.jpg,data/person_dataset_seed123/images/train/frame_000688.jpg,17,122,82,196,141
train,images/train/frame_000688_person_18.jpg,data/person_dataset_seed123/images/train/frame_000688.jpg,18,214,29,308,123
train,images/train/frame_000692_person_00.jpg,data/person_dataset_seed123/images/train/frame_000692.jpg,0,685,154,786,228
train,images/train/frame_000692_person_01.jpg,data/person_dataset_seed123/images/train/frame_000692.jpg,1,691,300,791,404
train,images/train/frame_000692_person_02.jpg,data/person_dataset_seed123/images/train/frame_000692.jpg,2,583,311,701,406
train,images/train/frame_000692_person_03.jpg,data/person_dataset_seed123/images/train/frame_000692.jpg,3,705,459,794,549
train,images/train/frame_000692_person_04.jpg,data/person_dataset_seed123/images/train/frame_000692.jpg,4,672,607,758,662
train,images/train/frame_000692_person_05.jpg,data/person_dataset_seed123/images/train/frame_000692.jpg,5,562,477,673,604
train,images/train/frame_000692_person_06.jpg,data/person_dataset_seed123/images/train/frame_000692.jpg,6,556,646,657,720
train,images/train/frame_000692_person_07.jpg,data/person_dataset_seed123/images/train/frame_000692.jpg,7,433,488,525,684
train,images/train/frame_000692_person_08.jpg,data/person_dataset_seed123/images/train/frame_000692.jpg,8,288,595,375,668
train,images/train/frame_000692_person_09.jpg,data/person_dataset_seed123/images/train/frame_000692.jpg,9,221,578,299,667
train,images/train/frame_000692_person_10.jpg,data/person_dataset_seed123/images/train/frame_000692.jpg,10,107,546,195,617
train,images/train/frame_000692_person_11.jpg,data/person_dataset_seed123/images/train/frame_000692.jpg,11,519,1,615,104
train,images/train/frame_000692_person_12.jpg,data/person_dataset_seed123/images/train/frame_000692.jpg,12,420,0,524,85
train,images/train/frame_000692_person_13.jpg,data/person_dataset_seed123/images/train/frame_000692.jpg,13,284,90,382,205
train,images/train/frame_000692_person_14.jpg,data/person_dataset_seed123/images/train/frame_000692.jpg,14,208,149,298,252
train,images/train/frame_000692_person_15.jpg,data/person_dataset_seed123/images/train/frame_000692.jpg,15,148,145,224,234
train,images/train/frame_000692_person_16.jpg,data/person_dataset_seed123/images/train/frame_000692.jpg,16,107,185,170,237
train,images/train/frame_000692_person_17.jpg,data/person_dataset_seed123/images/train/frame_000692.jpg,17,216,28,310,123
train,images/train/frame_000692_person_18.jpg,data/person_dataset_seed123/images/train/frame_000692.jpg,18,122,83,190,149
train,images/train/frame_000701_person_00.jpg,data/person_dataset_seed123/images/train/frame_000701.jpg,0,107,547,196,616
train,images/train/frame_000701_person_01.jpg,data/person_dataset_seed123/images/train/frame_000701.jpg,1,207,580,306,659
train,images/train/frame_000701_person_02.jpg,data/person_dataset_seed123/images/train/frame_000701.jpg,2,288,596,374,662
train,images/train/frame_000701_person_03.jpg,data/person_dataset_seed123/images/train/frame_000701.jpg,3,419,484,537,709
train,images/train/frame_000701_person_04.jpg,data/person_dataset_seed123/images/train/frame_000701.jpg,4,561,477,673,604
train,images/train/frame_000701_person_05.jpg,data/person_dataset_seed123/images/train/frame_000701.jpg,5,702,458,797,553
train,images/train/frame_000701_person_06.jpg,data/person_dataset_seed123/images/train/frame_000701.jpg,6,668,605,758,662
train,images/train/frame_000701_person_07.jpg,data/person_dataset_seed123/images/train/frame_000701.jpg,7,553,643,646,720
train,images/train/frame_000701_person_08.jpg,data/person_dataset_seed123/images/train/frame_000701.jpg,8,580,307,702,404
train,images/train/frame_000701_person_09.jpg,data/person_dataset_seed123/images/train/frame_000701.jpg,9,688,302,790,399
train,images/train/frame_000701_person_10.jpg,data/person_dataset_seed123/images/train/frame_000701.jpg,10,693,139,783,220
train,images/train/frame_000701_person_11.jpg,data/person_dataset_seed123/images/train/frame_000701.jpg,11,521,2,613,103
train,images/train/frame_000701_person_12.jpg,data/person_dataset_seed123/images/train/frame_000701.jpg,12,418,0,523,93
train,images/train/frame_000701_person_13.jpg,data/person_dataset_seed123/images/train/frame_000701.jpg,13,285,88,379,200
train,images/train/frame_000701_person_14.jpg,data/person_dataset_seed123/images/train/frame_000701.jpg,14,203,148,299,245
train,images/train/frame_000701_person_15.jpg,data/person_dataset_seed123/images/train/frame_000701.jpg,15,145,147,224,233
train,images/train/frame_000701_person_16.jpg,data/person_dataset_seed123/images/train/frame_000701.jpg,16,215,29,308,122
train,images/train/frame_000701_person_17.jpg,data/person_dataset_seed123/images/train/frame_000701.jpg,17,120,82,204,148
train,images/train/frame_000701_person_18.jpg,data/person_dataset_seed123/images/train/frame_000701.jpg,18,102,184,182,234
train,images/train/frame_000704_person_00.jpg,data/person_dataset_seed123/images/train/frame_000704.jpg,0,687,141,781,219
train,images/train/frame_000704_person_01.jpg,data/person_dataset_seed123/images/train/frame_000704.jpg,1,684,298,791,401
train,images/train/frame_000704_person_02.jpg,data/person_dataset_seed123/images/train/frame_000704.jpg,2,587,312,692,407
train,images/train/frame_000704_person_03.jpg,data/person_dataset_seed123/images/train/frame_000704.jpg,3,520,2,614,108
train,images/train/frame_000704_person_04.jpg,data/person_dataset_seed123/images/train/frame_000704.jpg,4,418,0,523,83
train,images/train/frame_000704_person_05.jpg,data/person_dataset_seed123/images/train/frame_000704.jpg,5,287,92,376,206
train,images/train/frame_000704_person_06.jpg,data/person_dataset_seed123/images/train/frame_000704.jpg,6,215,29,306,125
train,images/train/frame_000704_person_07.jpg,data/person_dataset_seed123/images/train/frame_000704.jpg,7,201,151,304,215
train,images/train/frame_000704_person_08.jpg,data/person_dataset_seed123/images/train/frame_000704.jpg,8,145,149,226,230
train,images/train/frame_000704_person_09.jpg,data/person_dataset_seed123/images/train/frame_000704.jpg,9,102,186,181,238
train,images/train/frame_000704_person_10.jpg,data/person_dataset_seed123/images/train/frame_000704.jpg,10,120,82,196,143
train,images/train/frame_000704_person_11.jpg,data/person_dataset_seed123/images/train/frame_000704.jpg,11,417,484,541,720
train,images/train/frame_000704_person_12.jpg,data/person_dataset_seed123/images/train/frame_000704.jpg,12,563,475,674,600
train,images/train/frame_000704_person_13.jpg,data/person_dataset_seed123/images/train/frame_000704.jpg,13,703,458,795,550
train,images/train/frame_000704_person_14.jpg,data/person_dataset_seed123/images/train/frame_000704.jpg,14,669,604,760,662
train,images/train/frame_000704_person_15.jpg,data/person_dataset_seed123/images/train/frame_000704.jpg,15,555,643,645,720
train,images/train/frame_000704_person_16.jpg,data/person_dataset_seed123/images/train/frame_000704.jpg,16,288,595,375,666
train,images/train/frame_000704_person_17.jpg,data/person_dataset_seed123/images/train/frame_000704.jpg,17,217,581,305,648
train,images/train/frame_000704_person_18.jpg,data/person_dataset_seed123/images/train/frame_000704.jpg,18,109,545,194,616
train,images/train/frame_000713_person_00.jpg,data/person_dataset_seed123/images/train/frame_000713.jpg,0,520,3,614,102
train,images/train/frame_000713_person_01.jpg,data/person_dataset_seed123/images/train/frame_000713.jpg,1,420,0,525,84
train,images/train/frame_000713_person_02.jpg,data/person_dataset_seed123/images/train/frame_000713.jpg,2,683,160,789,224
train,images/train/frame_000713_person_03.jpg,data/person_dataset_seed123/images/train/frame_000713.jpg,3,683,300,791,402
train,images/train/frame_000713_person_04.jpg,data/person_dataset_seed123/images/train/frame_000713.jpg,4,583,312,698,406
train,images/train/frame_000713_person_05.jpg,data/person_dataset_seed123/images/train/frame_000713.jpg,5,705,457,795,554
train,images/train/frame_000713_person_06.jpg,data/person_dataset_seed123/images/train/frame_000713.jpg,6,563,475,674,602
train,images/train/frame_000713_person_07.jpg,data/person_dataset_seed123/images/train/frame_000713.jpg,7,670,601,761,662
train,images/train/frame_000713_person_08.jpg,data/person_dataset_seed123/images/train/frame_000713.jpg,8,553,645,650,720
train,images/train/frame_000713_person_09.jpg,data/person_dataset_seed123/images/train/frame_000713.jpg,9,417,501,529,720
train,images/train/frame_000713_person_10.jpg,data/person_dataset_seed123/images/train/frame_000713.jpg,10,286,599,374,664
train,images/train/frame_000713_person_11.jpg,data/person_dataset_seed123/images/train/frame_000713.jpg,11,220,580,302,655
train,images/train/frame_000713_person_12.jpg,data/person_dataset_seed123/images/train/frame_000713.jpg,12,113,543,190,621
train,images/train/frame_000713_person_13.jpg,data/person_dataset_seed123/images/train/frame_000713.jpg,13,283,88,378,205
train,images/train/frame_000713_person_14.jpg,data/person_dataset_seed123/images/train/frame_000713.jpg,14,207,148,300,245
train,images/train/frame_000713_person_15.jpg,data/person_dataset_seed123/images/train/frame_000713.jpg,15,145,140,227,233
train,images/train/frame_000713_person_16.jpg,data/person_dataset_seed123/images/train/frame_000713.jpg,16,105,181,182,232
train,images/train/frame_000713_person_17.jpg,data/person_dataset_seed123/images/train/frame_000713.jpg,17,121,83,192,144
train,images/train/frame_000713_person_18.jpg,data/person_dataset_seed123/images/train/frame_000713.jpg,18,216,27,304,120
train,images/train/frame_000720_person_00.jpg,data/person_dataset_seed123/images/train/frame_000720.jpg,0,519,3,612,96
train,images/train/frame_000720_person_01.jpg,data/person_dataset_seed123/images/train/frame_000720.jpg,1,419,0,522,83
train,images/train/frame_000720_person_02.jpg,data/person_dataset_seed123/images/train/frame_000720.jpg,2,683,157,790,222
train,images/train/frame_000720_person_03.jpg,data/person_dataset_seed123/images/train/frame_000720.jpg,3,681,321,796,403
train,images/train/frame_000720_person_04.jpg,data/person_dataset_seed123/images/train/frame_000720.jpg,4,583,314,699,405
train,images/train/frame_000720_person_05.jpg,data/person_dataset_seed123/images/train/frame_000720.jpg,5,707,458,794,551
train,images/train/frame_000720_person_06.jpg,data/person_dataset_seed123/images/train/frame_000720.jpg,6,568,479,673,602
train,images/train/frame_000720_person_07.jpg,data/person_dataset_seed123/images/train/frame_000720.jpg,7,669,605,759,660
train,images/train/frame_000720_person_08.jpg,data/person_dataset_seed123/images/train/frame_000720.jpg,8,551,646,646,720
train,images/train/frame_000720_person_09.jpg,data/person_dataset_seed123/images/train/frame_000720.jpg,9,423,499,519,718
train,images/train/frame_000720_person_10.jpg,data/person_dataset_seed123/images/train/frame_000720.jpg,10,282,88,378,208
train,images/train/frame_000720_person_11.jpg,data/person_dataset_seed123/images/train/frame_000720.jpg,11,199,154,297,240
train,images/train/frame_000720_person_12.jpg,data/person_dataset_seed123/images/train/frame_000720.jpg,12,146,146,224,233
train,images/train/frame_000720_person_13.jpg,data/person_dataset_seed123/images/train/frame_000720.jpg,13,102,179,178,225
train,images/train/frame_000720_person_14.jpg,data/person_dataset_seed123/images/train/frame_000720.jpg,14,121,84,188,144
train,images/train/frame_000720_person_15.jpg,data/person_dataset_seed123/images/train/frame_000720.jpg,15,216,29,306,120
train,images/train/frame_000720_person_16.jpg,data/person_dataset_seed123/images/train/frame_000720.jpg,16,284,599,371,661
train,images/train/frame_000720_person_17.jpg,data/person_dataset_seed123/images/train/frame_000720.jpg,17,210,582,299,653
train,images/train/frame_000720_person_18.jpg,data/person_dataset_seed123/images/train/frame_000720.jpg,18,109,542,193,617
train,images/train/frame_000732_person_00.jpg,data/person_dataset_seed123/images/train/frame_000732.jpg,0,684,162,786,229
train,images/train/frame_000732_person_01.jpg,data/person_dataset_seed123/images/train/frame_000732.jpg,1,519,2,615,102
train,images/train/frame_000732_person_02.jpg,data/person_dataset_seed123/images/train/frame_000732.jpg,2,421,0,522,82
train,images/train/frame_000732_person_03.jpg,data/person_dataset_seed123/images/train/frame_000732.jpg,3,215,28,303,118
train,images/train/frame_000732_person_04.jpg,data/person_dataset_seed123/images/train/frame_000732.jpg,4,290,93,377,201
train,images/train/frame_000732_person_05.jpg,data/person_dataset_seed123/images/train/frame_000732.jpg,5,205,152,304,236
train,images/train/frame_000732_person_06.jpg,data/person_dataset_seed123/images/train/frame_000732.jpg,6,148,148,227,224
train,images/train/frame_000732_person_07.jpg,data/person_dataset_seed123/images/train/frame_000732.jpg,7,109,176,176,224
train,images/train/frame_000732_person_08.jpg,data/person_dataset_seed123/images/train/frame_000732.jpg,8,120,80,195,147
train,images/train/frame_000732_person_09.jpg,data/person_dataset_seed123/images/train/frame_000732.jpg,9,586,312,695,404
train,images/train/frame_000732_person_10.jpg,data/person_dataset_seed123/images/train/frame_000732.jpg,10,677,322,801,397
train,images/train/frame_000732_person_11.jpg,data/person_dataset_seed123/images/train/frame_000732.jpg,11,699,457,798,557
train,images/train/frame_000732_person_12.jpg,data/person_dataset_seed123/images/train/frame_000732.jpg,12,563,478,676,601
train,images/train/frame_000732_person_13.jpg,data/person_dataset_seed123/images/train/frame_000732.jpg,13,679,602,758,661
train,images/train/frame_000732_person_14.jpg,data/person_dataset_seed123/images/train/frame_000732.jpg,14,552,647,646,720
train,images/train/frame_000732_person_15.jpg,data/person_dataset_seed123/images/train/frame_000732.jpg,15,422,499,525,720
train,images/train/frame_000732_person_16.jpg,data/person_dataset_seed123/images/train/frame_000732.jpg,16,285,598,374,668
train,images/train/frame_000732_person_17.jpg,data/person_dataset_seed123/images/train/frame_000732.jpg,17,203,583,309,640
train,images/train/frame_000732_person_18.jpg,data/person_dataset_seed123/images/train/frame_000732.jpg,18,110,544,182,617
train,images/train/frame_000741_person_00.jpg,data/person_dataset_seed123/images/train/frame_000741.jpg,0,523,4,612,107
train,images/train/frame_000741_person_01.jpg,data/person_dataset_seed123/images/train/frame_000741.jpg,1,418,0,521,80
train,images/train/frame_000741_person_02.jpg,data/person_dataset_seed123/images/train/frame_000741.jpg,2,686,162,786,229
train,images/train/frame_000741_person_03.jpg,data/person_dataset_seed123/images/train/frame_000741.jpg,3,678,320,800,399
train,images/train/frame_000741_person_04.jpg,data/person_dataset_seed123/images/train/frame_000741.jpg,4,584,315,701,406
train,images/train/frame_000741_person_05.jpg,data/person_dataset_seed123/images/train/frame_000741.jpg,5,702,459,794,554
train,images/train/frame_000741_person_06.jpg,data/person_dataset_seed123/images/train/frame_000741.jpg,6,562,476,677,602
train,images/train/frame_000741_person_07.jpg,data/person_dataset_seed123/images/train/frame_000741.jpg,7,671,603,759,663
train,images/train/frame_000741_person_08.jpg,data/person_dataset_seed123/images/train/frame_000741.jpg,8,553,647,644,720
train,images/train/frame_000741_person_09.jpg,data/person_dataset_seed123/images/train/frame_000741.jpg,9,424,499,526,720
train,images/train/frame_000741_person_10.jpg,data/person_dataset_seed123/images/train/frame_000741.jpg,10,286,92,378,205
train,images/train/frame_000741_person_11.jpg,data/person_dataset_seed123/images/train/frame_000741.jpg,11,208,150,298,233
train,images/train/frame_000741_person_12.jpg,data/person_dataset_seed123/images/train/frame_000741.jpg,12,148,147,227,233
train,images/train/frame_000741_person_13.jpg,data/person_dataset_seed123/images/train/frame_000741.jpg,13,108,180,175,228
train,images/train/frame_000741_person_14.jpg,data/person_dataset_seed123/images/train/frame_000741.jpg,14,118,84,199,142
train,images/train/frame_000741_person_15.jpg,data/person_dataset_seed123/images/train/frame_000741.jpg,15,217,25,304,129
train,images/train/frame_000741_person_16.jpg,data/person_dataset_seed123/images/train/frame_000741.jpg,16,111,544,188,619
train,images/train/frame_000741_person_17.jpg,data/person_dataset_seed123/images/train/frame_000741.jpg,17,198,581,305,632
train,images/train/frame_000741_person_18.jpg,data/person_dataset_seed123/images/train/frame_000741.jpg,18,295,601,369,668
train,images/train/frame_000753_person_00.jpg,data/person_dataset_seed123/images/train/frame_000753.jpg,0,522,0,613,102
train,images/train/frame_000753_person_01.jpg,data/person_dataset_seed123/images/train/frame_000753.jpg,1,414,0,523,82
train,images/train/frame_000753_person_02.jpg,data/person_dataset_seed123/images/train/frame_000753.jpg,2,684,162,787,230
train,images/train/frame_000753_person_03.jpg,data/person_dataset_seed123/images/train/frame_000753.jpg,3,676,310,800,403
train,images/train/frame_000753_person_04.jpg,data/person_dataset_seed123/images/train/frame_000753.jpg,4,582,310,699,405
train,images/train/frame_000753_person_05.jpg,data/person_dataset_seed123/images/train/frame_000753.jpg,5,698,458,798,557
train,images/train/frame_000753_person_06.jpg,data/person_dataset_seed123/images/train/frame_000753.jpg,6,559,476,682,601
train,images/train/frame_000753_person_07.jpg,data/person_dataset_seed123/images/train/frame_000753.jpg,7,679,601,761,662
train,images/train/frame_000753_person_08.jpg,data/person_dataset_seed123/images/train/frame_000753.jpg,8,552,646,649,720
train,images/train/frame_000753_person_09.jpg,data/person_dataset_seed123/images/train/frame_000753.jpg,9,415,498,529,716
train,images/train/frame_000753_person_10.jpg,data/person_dataset_seed123/images/train/frame_000753.jpg,10,289,597,374,664
train,images/train/frame_000753_person_11.jpg,data/person_dataset_seed123/images/train/frame_000753.jpg,11,209,575,303,629
train,images/train/frame_000753_person_12.jpg,data/person_dataset_seed123/images/train/frame_000753.jpg,12,111,541,192,616
train,images/train/frame_000753_person_13.jpg,data/person_dataset_seed123/images/train/frame_000753.jpg,13,283,88,380,203
train,images/train/frame_000753_person_14.jpg,data/person_dataset_seed123/images/train/frame_000753.jpg,14,216,25,307,128
train,images/train/frame_000753_person_15.jpg,data/person_dataset_seed123/images/train/frame_000753.jpg,15,123,84,195,144
train,images/train/frame_000753_person_16.jpg,data/person_dataset_seed123/images/train/frame_000753.jpg,16,202,151,296,240
train,images/train/frame_000753_person_17.jpg,data/person_dataset_seed123/images/train/frame_000753.jpg,17,151,151,227,233
train,images/train/frame_000753_person_18.jpg,data/person_dataset_seed123/images/train/frame_000753.jpg,18,104,179,173,229
train,images/train/frame_000757_person_00.jpg,data/person_dataset_seed123/images/train/frame_000757.jpg,0,518,1,614,99
train,images/train/frame_000757_person_01.jpg,data/person_dataset_seed123/images/train/frame_000757.jpg,1,416,0,524,84
train,images/train/frame_000757_person_02.jpg,data/person_dataset_seed123/images/train/frame_000757.jpg,2,685,160,788,223
train,images/train/frame_000757_person_03.jpg,data/person_dataset_seed123/images/train/frame_000757.jpg,3,678,304,794,403
train,images/train/frame_000757_person_04.jpg,data/person_dataset_seed123/images/train/frame_000757.jpg,4,581,312,696,408
train,images/train/frame_000757_person_05.jpg,data/person_dataset_seed123/images/train/frame_000757.jpg,5,701,455,796,552
train,images/train/frame_000757_person_06.jpg,data/person_dataset_seed123/images/train/frame_000757.jpg,6,675,602,761,662
train,images/train/frame_000757_person_07.jpg,data/person_dataset_seed123/images/train/frame_000757.jpg,7,562,478,679,601
train,images/train/frame_000757_person_08.jpg,data/person_dataset_seed123/images/train/frame_000757.jpg,8,553,642,647,720
train,images/train/frame_000757_person_09.jpg,data/person_dataset_seed123/images/train/frame_000757.jpg,9,416,501,526,715
train,images/train/frame_000757_person_10.jpg,data/person_dataset_seed123/images/train/frame_000757.jpg,10,284,88,378,200
train,images/train/frame_000757_person_11.jpg,data/person_dataset_seed123/images/train/frame_000757.jpg,11,198,152,299,235
train,images/train/frame_000757_person_12.jpg,data/person_dataset_seed123/images/train/frame_000757.jpg,12,161,147,221,232
train,images/train/frame_000757_person_13.jpg,data/person_dataset_seed123/images/train/frame_000757.jpg,13,103,175,165,228
train,images/train/frame_000757_person_14.jpg,data/person_dataset_seed123/images/train/frame_000757.jpg,14,120,83,192,150
train,images/train/frame_000757_person_15.jpg,data/person_dataset_seed123/images/train/frame_000757.jpg,15,216,25,307,125
train,images/train/frame_000757_person_16.jpg,data/person_dataset_seed123/images/train/frame_000757.jpg,16,107,541,191,617
train,images/train/frame_000757_person_17.jpg,data/person_dataset_seed123/images/train/frame_000757.jpg,17,207,576,310,628
train,images/train/frame_000757_person_18.jpg,data/person_dataset_seed123/images/train/frame_000757.jpg,18,291,596,373,663
train,images/train/frame_000769_person_00.jpg,data/person_dataset_seed123/images/train/frame_000769.jpg,0,520,0,614,104
train,images/train/frame_000769_person_01.jpg,data/person_dataset_seed123/images/train/frame_000769.jpg,1,686,160,788,236
train,images/train/frame_000769_person_02.jpg,data/person_dataset_seed123/images/train/frame_000769.jpg,2,678,296,795,403
train,images/train/frame_000769_person_03.jpg,data/person_dataset_seed123/images/train/frame_000769.jpg,3,583,311,701,409
train,images/train/frame_000769_person_04.jpg,data/person_dataset_seed123/images/train/frame_000769.jpg,4,700,459,796,550
train,images/train/frame_000769_person_05.jpg,data/person_dataset_seed123/images/train/frame_000769.jpg,5,564,477,679,599
train,images/train/frame_000769_person_06.jpg,data/person_dataset_seed123/images/train/frame_000769.jpg,6,674,609,761,660
train,images/train/frame_000769_person_07.jpg,data/person_dataset_seed123/images/train/frame_000769.jpg,7,550,639,645,720
train,images/train/frame_000769_person_08.jpg,data/person_dataset_seed123/images/train/frame_000769.jpg,8,417,497,539,717
train,images/train/frame_000769_person_09.jpg,data/person_dataset_seed123/images/train/frame_000769.jpg,9,293,594,372,667
train,images/train/frame_000769_person_10.jpg,data/person_dataset_seed123/images/train/frame_000769.jpg,10,207,578,306,628
train,images/train/frame_000769_person_11.jpg,data/person_dataset_seed123/images/train/frame_000769.jpg,11,109,542,188,612
train,images/train/frame_000769_person_12.jpg,data/person_dataset_seed123/images/train/frame_000769.jpg,12,412,0,525,83
train,images/train/frame_000769_person_13.jpg,data/person_dataset_seed123/images/train/frame_000769.jpg,13,214,27,307,127
train,images/train/frame_000769_person_14.jpg,data/person_dataset_seed123/images/train/frame_000769.jpg,14,292,85,381,203
train,images/train/frame_000769_person_15.jpg,data/person_dataset_seed123/images/train/frame_000769.jpg,15,195,156,297,236
train,images/train/frame_000769_person_16.jpg,data/person_dataset_seed123/images/train/frame_000769.jpg,16,144,164,224,233
train,images/train/frame_000769_person_17.jpg,data/person_dataset_seed123/images/train/frame_000769.jpg,17,105,182,163,229
train,images/train/frame_000769_person_18.jpg,data/person_dataset_seed123/images/train/frame_000769.jpg,18,118,83,203,145
train,images/train/frame_000771_person_00.jpg,data/person_dataset_seed123/images/train/frame_000771.jpg,0,685,160,788,233
train,images/train/frame_000771_person_01.jpg,data/person_dataset_seed123/images/train/frame_000771.jpg,1,682,302,794,402
train,images/train/frame_000771_person_02.jpg,data/person_dataset_seed123/images/train/frame_000771.jpg,2,586,310,696,409
train,images/train/frame_000771_person_03.jpg,data/person_dataset_seed123/images/train/frame_000771.jpg,3,700,457,798,547
train,images/train/frame_000771_person_04.jpg,data/person_dataset_seed123/images/train/frame_000771.jpg,4,672,604,760,660
train,images/train/frame_000771_person_05.jpg,data/person_dataset_seed123/images/train/frame_000771.jpg,5,552,643,654,720
train,images/train/frame_000771_person_06.jpg,data/person_dataset_seed123/images/train/frame_000771.jpg,6,563,475,678,599
train,images/train/frame_000771_person_07.jpg,data/person_dataset_seed123/images/train/frame_000771.jpg,7,421,500,537,717
train,images/train/frame_000771_person_08.jpg,data/person_dataset_seed123/images/train/frame_000771.jpg,8,518,2,616,103
train,images/train/frame_000771_person_09.jpg,data/person_dataset_seed123/images/train/frame_000771.jpg,9,419,0,523,86
train,images/train/frame_000771_person_10.jpg,data/person_dataset_seed123/images/train/frame_000771.jpg,10,283,85,380,206
train,images/train/frame_000771_person_11.jpg,data/person_dataset_seed123/images/train/frame_000771.jpg,11,217,26,308,121
train,images/train/frame_000771_person_12.jpg,data/person_dataset_seed123/images/train/frame_000771.jpg,12,117,80,203,146
train,images/train/frame_000771_person_13.jpg,data/person_dataset_seed123/images/train/frame_000771.jpg,13,198,152,300,240
train,images/train/frame_000771_person_14.jpg,data/person_dataset_seed123/images/train/frame_000771.jpg,14,142,159,221,233
train,images/train/frame_000771_person_15.jpg,data/person_dataset_seed123/images/train/frame_000771.jpg,15,106,177,171,232
train,images/train/frame_000771_person_16.jpg,data/person_dataset_seed123/images/train/frame_000771.jpg,16,107,541,186,616
train,images/train/frame_000771_person_17.jpg,data/person_dataset_seed123/images/train/frame_000771.jpg,17,207,578,310,631
train,images/train/frame_000771_person_18.jpg,data/person_dataset_seed123/images/train/frame_000771.jpg,18,291,596,377,669
train,images/train/frame_000784_person_00.jpg,data/person_dataset_seed123/images/train/frame_000784.jpg,0,690,159,786,236
train,images/train/frame_000784_person_01.jpg,data/person_dataset_seed123/images/train/frame_000784.jpg,1,681,322,797,399
train,images/train/frame_000784_person_02.jpg,data/person_dataset_seed123/images/train/frame_000784.jpg,2,584,311,700,408
train,images/train/frame_000784_person_03.jpg,data/person_dataset_seed123/images/train/frame_000784.jpg,3,700,459,796,553
train,images/train/frame_000784_person_04.jpg,data/person_dataset_seed123/images/train/frame_000784.jpg,4,567,476,677,604
train,images/train/frame_000784_person_05.jpg,data/person_dataset_seed123/images/train/frame_000784.jpg,5,672,610,762,659
train,images/train/frame_000784_person_06.jpg,data/person_dataset_seed123/images/train/frame_000784.jpg,6,552,645,653,720
train,images/train/frame_000784_person_07.jpg,data/person_dataset_seed123/images/train/frame_000784.jpg,7,419,501,532,718
train,images/train/frame_000784_person_08.jpg,data/person_dataset_seed123/images/train/frame_000784.jpg,8,291,596,372,668
train,images/train/frame_000784_person_09.jpg,data/person_dataset_seed123/images/train/frame_000784.jpg,9,199,578,304,626
train,images/train/frame_000784_person_10.jpg,data/person_dataset_seed123/images/train/frame_000784.jpg,10,110,548,191,616
train,images/train/frame_000784_person_11.jpg,data/person_dataset_seed123/images/train/frame_000784.jpg,11,285,86,378,203
train,images/train/frame_000784_person_12.jpg,data/person_dataset_seed123/images/train/frame_000784.jpg,12,201,150,298,239
train,images/train/frame_000784_person_13.jpg,data/person_dataset_seed123/images/train/frame_000784.jpg,13,141,158,231,238
train,images/train/frame_000784_person_14.jpg,data/person_dataset_seed123/images/train/frame_000784.jpg,14,105,181,160,234
train,images/train/frame_000784_person_15.jpg,data/person_dataset_seed123/images/train/frame_000784.jpg,15,216,27,308,121
train,images/train/frame_000784_person_16.jpg,data/person_dataset_seed123/images/train/frame_000784.jpg,16,118,81,196,152
train,images/train/frame_000784_person_17.jpg,data/person_dataset_seed123/images/train/frame_000784.jpg,17,416,0,508,87
train,images/train/frame_000784_person_18.jpg,data/person_dataset_seed123/images/train/frame_000784.jpg,18,518,0,618,106
train,images/train/frame_000790_person_00.jpg,data/person_dataset_seed123/images/train/frame_000790.jpg,0,691,160,787,236
train,images/train/frame_000790_person_01.jpg,data/person_dataset_seed123/images/train/frame_000790.jpg,1,680,322,801,397
train,images/train/frame_000790_person_02.jpg,data/person_dataset_seed123/images/train/frame_000790.jpg,2,585,309,701,402
train,images/train/frame_000790_person_03.jpg,data/person_dataset_seed123/images/train/frame_000790.jpg,3,519,0,613,110
train,images/train/frame_000790_person_04.jpg,data/person_dataset_seed123/images/train/frame_000790.jpg,4,415,0,513,82
train,images/train/frame_000790_person_05.jpg,data/person_dataset_seed123/images/train/frame_000790.jpg,5,284,86,380,201
train,images/train/frame_000790_person_06.jpg,data/person_dataset_seed123/images/train/frame_000790.jpg,6,215,28,309,123
train,images/train/frame_000790_person_07.jpg,data/person_dataset_seed123/images/train/frame_000790.jpg,7,198,149,299,240
train,images/train/frame_000790_person_08.jpg,data/person_dataset_seed123/images/train/frame_000790.jpg,8,119,80,202,146
train,images/train/frame_000790_person_09.jpg,data/person_dataset_seed123/images/train/frame_000790.jpg,9,145,162,222,235
train,images/train/frame_000790_person_10.jpg,data/person_dataset_seed123/images/train/frame_000790.jpg,10,108,178,155,231
train,images/train/frame_000790_person_11.jpg,data/person_dataset_seed123/images/train/frame_000790.jpg,11,564,477,678,598
train,images/train/frame_000790_person_12.jpg,data/person_dataset_seed123/images/train/frame_000790.jpg,12,703,459,800,548
train,images/train/frame_000790_person_13.jpg,data/person_dataset_seed123/images/train/frame_000790.jpg,13,674,604,762,663
train,images/train/frame_000790_person_14.jpg,data/person_dataset_seed123/images/train/frame_000790.jpg,14,552,637,649,720
train,images/train/frame_000790_person_15.jpg,data/person_dataset_seed123/images/train/frame_000790.jpg,15,412,504,551,709
train,images/train/frame_000790_person_16.jpg,data/person_dataset_seed123/images/train/frame_000790.jpg,16,290,597,373,667
train,images/train/frame_000790_person_17.jpg,data/person_dataset_seed123/images/train/frame_000790.jpg,17,197,580,304,627
train,images/train/frame_000790_person_18.jpg,data/person_dataset_seed123/images/train/frame_000790.jpg,18,108,541,202,617
train,images/train/frame_000801_person_00.jpg,data/person_dataset_seed123/images/train/frame_000801.jpg,0,441,579,562,720
train,images/train/frame_000801_person_01.jpg,data/person_dataset_seed123/images/train/frame_000801.jpg,1,553,643,654,720
train,images/train/frame_000801_person_02.jpg,data/person_dataset_seed123/images/train/frame_000801.jpg,2,672,602,766,663
train,images/train/frame_000801_person_03.jpg,data/person_dataset_seed123/images/train/frame_000801.jpg,3,702,456,796,556
train,images/train/frame_000801_person_04.jpg,data/person_dataset_seed123/images/train/frame_000801.jpg,4,565,476,678,601
train,images/train/frame_000801_person_05.jpg,data/person_dataset_seed123/images/train/frame_000801.jpg,5,581,308,697,408
train,images/train/frame_000801_person_06.jpg,data/person_dataset_seed123/images/train/frame_000801.jpg,6,686,297,796,401
train,images/train/frame_000801_person_07.jpg,data/person_dataset_seed123/images/train/frame_000801.jpg,7,519,0,617,102
train,images/train/frame_000801_person_08.jpg,data/person_dataset_seed123/images/train/frame_000801.jpg,8,414,0,517,80
train,images/train/frame_000801_person_09.jpg,data/person_dataset_seed123/images/train/frame_000801.jpg,9,285,89,378,204
train,images/train/frame_000801_person_10.jpg,data/person_dataset_seed123/images/train/frame_000801.jpg,10,217,28,309,123
train,images/train/frame_000801_person_11.jpg,data/person_dataset_seed123/images/train/frame_000801.jpg,11,123,81,197,146
train,images/train/frame_000801_person_12.jpg,data/person_dataset_seed123/images/train/frame_000801.jpg,12,196,151,307,241
train,images/train/frame_000801_person_13.jpg,data/person_dataset_seed123/images/train/frame_000801.jpg,13,148,158,224,238
train,images/train/frame_000801_person_14.jpg,data/person_dataset_seed123/images/train/frame_000801.jpg,14,106,179,170,235
train,images/train/frame_000801_person_15.jpg,data/person_dataset_seed123/images/train/frame_000801.jpg,15,286,595,373,669
train,images/train/frame_000801_person_16.jpg,data/person_dataset_seed123/images/train/frame_000801.jpg,16,218,577,303,668
train,images/train/frame_000801_person_17.jpg,data/person_dataset_seed123/images/train/frame_000801.jpg,17,108,543,197,615
train,images/train/frame_000801_person_18.jpg,data/person_dataset_seed123/images/train/frame_000801.jpg,18,687,160,787,237
train,images/train/frame_000814_person_00.jpg,data/person_dataset_seed123/images/train/frame_000814.jpg,0,687,158,786,231
train,images/train/frame_000814_person_01.jpg,data/person_dataset_seed123/images/train/frame_000814.jpg,1,691,299,791,399
train,images/train/frame_000814_person_02.jpg,data/person_dataset_seed123/images/train/frame_000814.jpg,2,584,309,709,406
train,images/train/frame_000814_person_03.jpg,data/person_dataset_seed123/images/train/frame_000814.jpg,3,703,460,795,552
train,images/train/frame_000814_person_04.jpg,data/person_dataset_seed123/images/train/frame_000814.jpg,4,560,477,679,597
train,images/train/frame_000814_person_05.jpg,data/person_dataset_seed123/images/train/frame_000814.jpg,5,455,515,570,712
train,images/train/frame_000814_person_06.jpg,data/person_dataset_seed123/images/train/frame_000814.jpg,6,555,638,645,720
train,images/train/frame_000814_person_07.jpg,data/person_dataset_seed123/images/train/frame_000814.jpg,7,668,608,761,663
train,images/train/frame_000814_person_08.jpg,data/person_dataset_seed123/images/train/frame_000814.jpg,8,290,594,372,667
train,images/train/frame_000814_person_09.jpg,data/person_dataset_seed123/images/train/frame_000814.jpg,9,221,579,300,668
train,images/train/frame_000814_person_10.jpg,data/person_dataset_seed123/images/train/frame_000814.jpg,10,109,548,192,619
train,images/train/frame_000814_person_11.jpg,data/person_dataset_seed123/images/train/frame_000814.jpg,11,518,1,616,102
train,images/train/frame_000814_person_12.jpg,data/person_dataset_seed123/images/train/frame_000814.jpg,12,413,0,512,80
train,images/train/frame_000814_person_13.jpg,data/person_dataset_seed123/images/train/frame_000814.jpg,13,285,85,379,205
train,images/train/frame_000814_person_14.jpg,data/person_dataset_seed123/images/train/frame_000814.jpg,14,217,27,308,128
train,images/train/frame_000814_person_15.jpg,data/person_dataset_seed123/images/train/frame_000814.jpg,15,123,81,194,150
train,images/train/frame_000814_person_16.jpg,data/person_dataset_seed123/images/train/frame_000814.jpg,16,199,150,302,241
train,images/train/frame_000814_person_17.jpg,data/person_dataset_seed123/images/train/frame_000814.jpg,17,151,159,221,239
train,images/train/frame_000814_person_18.jpg,data/person_dataset_seed123/images/train/frame_000814.jpg,18,109,179,176,237
train,images/train/frame_000818_person_00.jpg,data/person_dataset_seed123/images/train/frame_000818.jpg,0,520,4,613,102
train,images/train/frame_000818_person_01.jpg,data/person_dataset_seed123/images/train/frame_000818.jpg,1,690,161,787,235
train,images/train/frame_000818_person_02.jpg,data/person_dataset_seed123/images/train/frame_000818.jpg,2,684,302,789,406
train,images/train/frame_000818_person_03.jpg,data/person_dataset_seed123/images/train/frame_000818.jpg,3,583,311,705,406
train,images/train/frame_000818_person_04.jpg,data/person_dataset_seed123/images/train/frame_000818.jpg,4,706,460,793,550
train,images/train/frame_000818_person_05.jpg,data/person_dataset_seed123/images/train/frame_000818.jpg,5,573,478,678,593
train,images/train/frame_000818_person_06.jpg,data/person_dataset_seed123/images/train/frame_000818.jpg,6,484,447,609,619
train,images/train/frame_000818_person_07.jpg,data/person_dataset_seed123/images/train/frame_000818.jpg,7,554,644,645,720
train,images/train/frame_000818_person_08.jpg,data/person_dataset_seed123/images/train/frame_000818.jpg,8,674,608,758,662
train,images/train/frame_000818_person_09.jpg,data/person_dataset_seed123/images/train/frame_000818.jpg,9,287,595,375,667
train,images/train/frame_000818_person_10.jpg,data/person_dataset_seed123/images/train/frame_000818.jpg,10,223,580,302,668
train,images/train/frame_000818_person_11.jpg,data/person_dataset_seed123/images/train/frame_000818.jpg,11,111,548,198,620
train,images/train/frame_000818_person_12.jpg,data/person_dataset_seed123/images/train/frame_000818.jpg,12,413,0,512,79
train,images/train/frame_000818_person_13.jpg,data/person_dataset_seed123/images/train/frame_000818.jpg,13,284,90,378,201
train,images/train/frame_000818_person_14.jpg,data/person_dataset_seed123/images/train/frame_000818.jpg,14,217,29,304,124
train,images/train/frame_000818_person_15.jpg,data/person_dataset_seed123/images/train/frame_000818.jpg,15,118,83,191,151
train,images/train/frame_000818_person_16.jpg,data/person_dataset_seed123/images/train/frame_000818.jpg,16,197,152,300,239
train,images/train/frame_000818_person_17.jpg,data/person_dataset_seed123/images/train/frame_000818.jpg,17,155,157,219,237
train,images/train/frame_000818_person_18.jpg,data/person_dataset_seed123/images/train/frame_000818.jpg,18,105,182,167,239
train,images/train/frame_000827_person_00.jpg,data/person_dataset_seed123/images/train/frame_000827.jpg,0,495,144,622,344
train,images/train/frame_000827_person_01.jpg,data/person_dataset_seed123/images/train/frame_000827.jpg,1,688,160,788,233
train,images/train/frame_000827_person_02.jpg,data/person_dataset_seed123/images/train/frame_000827.jpg,2,680,300,793,404
train,images/train/frame_000827_person_03.jpg,data/person_dataset_seed123/images/train/frame_000827.jpg,3,583,310,702,400
train,images/train/frame_000827_person_04.jpg,data/person_dataset_seed123/images/train/frame_000827.jpg,4,705,459,793,550
train,images/train/frame_000827_person_05.jpg,data/person_dataset_seed123/images/train/frame_000827.jpg,5,565,478,680,601
train,images/train/frame_000827_person_06.jpg,data/person_dataset_seed123/images/train/frame_000827.jpg,6,674,602,758,663
train,images/train/frame_000827_person_07.jpg,data/person_dataset_seed123/images/train/frame_000827.jpg,7,552,639,647,720
train,images/train/frame_000827_person_08.jpg,data/person_dataset_seed123/images/train/frame_000827.jpg,8,290,598,373,667
train,images/train/frame_000827_person_09.jpg,data/person_dataset_seed123/images/train/frame_000827.jpg,9,228,579,303,661
train,images/train/frame_000827_person_10.jpg,data/person_dataset_seed123/images/train/frame_000827.jpg,10,115,544,187,621
train,images/train/frame_000827_person_11.jpg,data/person_dataset_seed123/images/train/frame_000827.jpg,11,517,1,616,102
train,images/train/frame_000827_person_12.jpg,data/person_dataset_seed123/images/train/frame_000827.jpg,12,416,0,511,83
train,images/train/frame_000827_person_13.jpg,data/person_dataset_seed123/images/train/frame_000827.jpg,13,289,87,380,204
train,images/train/frame_000827_person_14.jpg,data/person_dataset_seed123/images/train/frame_000827.jpg,14,204,152,299,240
train,images/train/frame_000827_person_15.jpg,data/person_dataset_seed123/images/train/frame_000827.jpg,15,149,163,228,241
train,images/train/frame_000827_person_16.jpg,data/person_dataset_seed123/images/train/frame_000827.jpg,16,103,182,174,235
train,images/train/frame_000827_person_17.jpg,data/person_dataset_seed123/images/train/frame_000827.jpg,17,120,86,193,152
train,images/train/frame_000827_person_18.jpg,data/person_dataset_seed123/images/train/frame_000827.jpg,18,216,27,309,126
train,images/train/frame_000837_person_00.jpg,data/person_dataset_seed123/images/train/frame_000837.jpg,0,557,22,699,188
train,images/train/frame_000837_person_01.jpg,data/person_dataset_seed123/images/train/frame_000837.jpg,1,522,10,610,103
train,images/train/frame_000837_person_02.jpg,data/person_dataset_seed123/images/train/frame_000837.jpg,2,415,0,511,86
train,images/train/frame_000837_person_03.jpg,data/person_dataset_seed123/images/train/frame_000837.jpg,3,688,157,785,235
train,images/train/frame_000837_person_04.jpg,data/person_dataset_seed123/images/train/frame_000837.jpg,4,684,300,792,401
train,images/train/frame_000837_person_05.jpg,data/person_dataset_seed123/images/train/frame_000837.jpg,5,583,310,703,403
train,images/train/frame_000837_person_06.jpg,data/person_dataset_seed123/images/train/frame_000837.jpg,6,703,460,793,549
train,images/train/frame_000837_person_07.jpg,data/person_dataset_seed123/images/train/frame_000837.jpg,7,563,475,679,602
train,images/train/frame_000837_person_08.jpg,data/person_dataset_seed123/images/train/frame_000837.jpg,8,674,603,756,665
train,images/train/frame_000837_person_09.jpg,data/person_dataset_seed123/images/train/frame_000837.jpg,9,552,640,646,720
train,images/train/frame_000837_person_10.jpg,data/person_dataset_seed123/images/train/frame_000837.jpg,10,282,593,372,662
train,images/train/frame_000837_person_11.jpg,data/person_dataset_seed123/images/train/frame_000837.jpg,11,225,579,302,663
train,images/train/frame_000837_person_12.jpg,data/person_dataset_seed123/images/train/frame_000837.jpg,12,112,546,199,621
train,images/train/frame_000837_person_13.jpg,data/person_dataset_seed123/images/train/frame_000837.jpg,13,296,82,378,204
train,images/train/frame_000837_person_14.jpg,data/person_dataset_seed123/images/train/frame_000837.jpg,14,216,29,306,122
train,images/train/frame_000837_person_15.jpg,data/person_dataset_seed123/images/train/frame_000837.jpg,15,119,85,189,149
train,images/train/frame_000837_person_16.jpg,data/person_dataset_seed123/images/train/frame_000837.jpg,16,194,155,302,240
train,images/train/frame_000837_person_17.jpg,data/person_dataset_seed123/images/train/frame_000837.jpg,17,153,165,222,237
train,images/train/frame_000837_person_18.jpg,data/person_dataset_seed123/images/train/frame_000837.jpg,18,106,178,169,236
train,images/train/frame_000840_person_00.jpg,data/person_dataset_seed123/images/train/frame_000840.jpg,0,685,159,786,233
train,images/train/frame_000840_person_01.jpg,data/person_dataset_seed123/images/train/frame_000840.jpg,1,682,304,794,405
train,images/train/frame_000840_person_02.jpg,data/person_dataset_seed123/images/train/frame_000840.jpg,2,584,311,695,408
train,images/train/frame_000840_person_03.jpg,data/person_dataset_seed123/images/train/frame_000840.jpg,3,610,28,737,172
train,images/train/frame_000840_person_04.jpg,data/person_dataset_seed123/images/train/frame_000840.jpg,4,513,8,615,100
train,images/train/frame_000840_person_05.jpg,data/person_dataset_seed123/images/train/frame_000840.jpg,5,416,0,509,93
train,images/train/frame_000840_person_06.jpg,data/person_dataset_seed123/images/train/frame_000840.jpg,6,298,82,378,204
train,images/train/frame_000840_person_07.jpg,data/person_dataset_seed123/images/train/frame_000840.jpg,7,197,154,300,241
train,images/train/frame_000840_person_08.jpg,data/person_dataset_seed123/images/train/frame_000840.jpg,8,146,160,220,240
train,images/train/frame_000840_person_09.jpg,data/person_dataset_seed123/images/train/frame_000840.jpg,9,216,28,307,129
train,images/train/frame_000840_person_10.jpg,data/person_dataset_seed123/images/train/frame_000840.jpg,10,118,84,193,156
train,images/train/frame_000840_person_11.jpg,data/person_dataset_seed123/images/train/frame_000840.jpg,11,107,180,165,235
train,images/train/frame_000840_person_12.jpg,data/person_dataset_seed123/images/train/frame_000840.jpg,12,283,599,372,661
train,images/train/frame_000840_person_13.jpg,data/person_dataset_seed123/images/train/frame_000840.jpg,13,224,580,299,662
train,images/train/frame_000840_person_14.jpg,data/person_dataset_seed123/images/train/frame_000840.jpg,14,114,550,184,620
train,images/train/frame_000840_person_15.jpg,data/person_dataset_seed123/images/train/frame_000840.jpg,15,564,474,680,601
train,images/train/frame_000840_person_16.jpg,data/person_dataset_seed123/images/train/frame_000840.jpg,16,701,458,794,550
train,images/train/frame_000840_person_17.jpg,data/person_dataset_seed123/images/train/frame_000840.jpg,17,673,608,756,664
train,images/train/frame_000840_person_18.jpg,data/person_dataset_seed123/images/train/frame_000840.jpg,18,554,636,642,720
train,images/train/frame_000847_person_00.jpg,data/person_dataset_seed123/images/train/frame_000847.jpg,0,627,21,732,176
train,images/train/frame_000847_person_01.jpg,data/person_dataset_seed123/images/train/frame_000847.jpg,1,505,0,612,98
train,images/train/frame_000847_person_02.jpg,data/person_dataset_seed123/images/train/frame_000847.jpg,2,418,0,509,86
train,images/train/frame_000847_person_03.jpg,data/person_dataset_seed123/images/train/frame_000847.jpg,3,685,163,788,232
train,images/train/frame_000847_person_04.jpg,data/person_dataset_seed123/images/train/frame_000847.jpg,4,690,301,790,398
train,images/train/frame_000847_person_05.jpg,data/person_dataset_seed123/images/train/frame_000847.jpg,5,581,325,707,413
train,images/train/frame_000847_person_06.jpg,data/person_dataset_seed123/images/train/frame_000847.jpg,6,703,457,791,557
train,images/train/frame_000847_person_07.jpg,data/person_dataset_seed123/images/train/frame_000847.jpg,7,671,606,761,659
train,images/train/frame_000847_person_08.jpg,data/person_dataset_seed123/images/train/frame_000847.jpg,8,550,640,650,720
train,images/train/frame_000847_person_09.jpg,data/person_dataset_seed123/images/train/frame_000847.jpg,9,556,447,686,568
train,images/train/frame_000847_person_10.jpg,data/person_dataset_seed123/images/train/frame_000847.jpg,10,293,84,378,207
train,images/train/frame_000847_person_11.jpg,data/person_dataset_seed123/images/train/frame_000847.jpg,11,215,29,307,124
train,images/train/frame_000847_person_12.jpg,data/person_dataset_seed123/images/train/frame_000847.jpg,12,125,84,192,150
train,images/train/frame_000847_person_13.jpg,data/person_dataset_seed123/images/train/frame_000847.jpg,13,197,152,300,245
train,images/train/frame_000847_person_14.jpg,data/person_dataset_seed123/images/train/frame_000847.jpg,14,154,166,228,241
train,images/train/frame_000847_person_15.jpg,data/person_dataset_seed123/images/train/frame_000847.jpg,15,106,180,168,238
train,images/train/frame_000847_person_16.jpg,data/person_dataset_seed123/images/train/frame_000847.jpg,16,112,543,188,620
train,images/train/frame_000847_person_17.jpg,data/person_dataset_seed123/images/train/frame_000847.jpg,17,221,584,313,661
train,images/train/frame_000847_person_18.jpg,data/person_dataset_seed123/images/train/frame_000847.jpg,18,289,593,379,663
train,images/train/frame_000860_person_00.jpg,data/person_dataset_seed123/images/train/frame_000860.jpg,0,489,81,616,270
train,images/train/frame_000860_person_01.jpg,data/person_dataset_seed123/images/train/frame_000860.jpg,1,688,160,788,235
train,images/train/frame_000860_person_02.jpg,data/person_dataset_seed123/images/train/frame_000860.jpg,2,693,299,795,409
train,images/train/frame_000860_person_03.jpg,data/person_dataset_seed123/images/train/frame_000860.jpg,3,597,278,717,443
train,images/train/frame_000860_person_04.jpg,data/person_dataset_seed123/images/train/frame_000860.jpg,4,705,457,793,554
train,images/train/frame_000860_person_05.jpg,data/person_dataset_seed123/images/train/frame_000860.jpg,5,670,611,762,664
train,images/train/frame_000860_person_06.jpg,data/person_dataset_seed123/images/train/frame_000860.jpg,6,552,637,652,720
train,images/train/frame_000860_person_07.jpg,data/person_dataset_seed123/images/train/frame_000860.jpg,7,555,457,678,567
train,images/train/frame_000860_person_08.jpg,data/person_dataset_seed123/images/train/frame_000860.jpg,8,294,84,380,206
train,images/train/frame_000860_person_09.jpg,data/person_dataset_seed123/images/train/frame_000860.jpg,9,418,0,513,90
train,images/train/frame_000860_person_10.jpg,data/person_dataset_seed123/images/train/frame_000860.jpg,10,525,0,610,103
train,images/train/frame_000860_person_11.jpg,data/person_dataset_seed123/images/train/frame_000860.jpg,11,202,151,302,237
train,images/train/frame_000860_person_12.jpg,data/person_dataset_seed123/images/train/frame_000860.jpg,12,154,157,222,239
train,images/train/frame_000860_person_13.jpg,data/person_dataset_seed123/images/train/frame_000860.jpg,13,107,179,167,234
train,images/train/frame_000860_person_14.jpg,data/person_dataset_seed123/images/train/frame_000860.jpg,14,213,27,303,129
train,images/train/frame_000860_person_15.jpg,data/person_dataset_seed123/images/train/frame_000860.jpg,15,118,79,203,153
train,images/train/frame_000860_person_16.jpg,data/person_dataset_seed123/images/train/frame_000860.jpg,16,291,595,373,671
train,images/train/frame_000860_person_17.jpg,data/person_dataset_seed123/images/train/frame_000860.jpg,17,230,579,305,677
train,images/train/frame_000860_person_18.jpg,data/person_dataset_seed123/images/train/frame_000860.jpg,18,113,539,201,623
train,images/train/frame_000860_person_19.jpg,data/person_dataset_seed123/images/train/frame_000860.jpg,19,151,441,270,491
train,images/train/frame_000867_person_00.jpg,data/person_dataset_seed123/images/train/frame_000867.jpg,0,147,448,260,492
train,images/train/frame_000867_person_01.jpg,data/person_dataset_seed123/images/train/frame_000867.jpg,1,109,549,193,618
train,images/train/frame_000867_person_02.jpg,data/person_dataset_seed123/images/train/frame_000867.jpg,2,228,577,308,673
train,images/train/frame_000867_person_03.jpg,data/person_dataset_seed123/images/train/frame_000867.jpg,3,291,595,379,681
train,images/train/frame_000867_person_04.jpg,data/person_dataset_seed123/images/train/frame_000867.jpg,4,539,458,670,562
train,images/train/frame_000867_person_05.jpg,data/person_dataset_seed123/images/train/frame_000867.jpg,5,701,454,795,558
train,images/train/frame_000867_person_06.jpg,data/person_dataset_seed123/images/train/frame_000867.jpg,6,671,605,765,664
train,images/train/frame_000867_person_07.jpg,data/person_dataset_seed123/images/train/frame_000867.jpg,7,550,638,649,720
train,images/train/frame_000867_person_08.jpg,data/person_dataset_seed123/images/train/frame_000867.jpg,8,579,318,724,451
train,images/train/frame_000867_person_09.jpg,data/person_dataset_seed123/images/train/frame_000867.jpg,9,685,303,792,407
train,images/train/frame_000867_person_10.jpg,data/person_dataset_seed123/images/train/frame_000867.jpg,10,498,324,621,417
train,images/train/frame_000867_person_11.jpg,data/person_dataset_seed123/images/train/frame_000867.jpg,11,449,0,559,180
train,images/train/frame_000867_person_12.jpg,data/person_dataset_seed123/images/train/frame_000867.jpg,12,421,0,493,82
train,images/train/frame_000867_person_13.jpg,data/person_dataset_seed123/images/train/frame_000867.jpg,13,288,83,379,203
train,images/train/frame_000867_person_14.jpg,data/person_dataset_seed123/images/train/frame_000867.jpg,14,216,31,310,126
train,images/train/frame_000867_person_15.jpg,data/person_dataset_seed123/images/train/frame_000867.jpg,15,120,80,192,148
train,images/train/frame_000867_person_16.jpg,data/person_dataset_seed123/images/train/frame_000867.jpg,16,197,150,306,241
train,images/train/frame_000867_person_17.jpg,data/person_dataset_seed123/images/train/frame_000867.jpg,17,152,159,220,237
train,images/train/frame_000867_person_18.jpg,data/person_dataset_seed123/images/train/frame_000867.jpg,18,110,175,163,232
train,images/train/frame_000948_person_00.jpg,data/person_dataset_seed123/images/train/frame_000948.jpg,0,686,154,788,236
train,images/train/frame_000948_person_01.jpg,data/person_dataset_seed123/images/train/frame_000948.jpg,1,685,301,796,397
train,images/train/frame_000948_person_02.jpg,data/person_dataset_seed123/images/train/frame_000948.jpg,2,483,365,627,462
train,images/train/frame_000948_person_03.jpg,data/person_dataset_seed123/images/train/frame_000948.jpg,3,528,455,675,613
train,images/train/frame_000948_person_04.jpg,data/person_dataset_seed123/images/train/frame_000948.jpg,4,703,457,791,556
train,images/train/frame_000948_person_05.jpg,data/person_dataset_seed123/images/train/frame_000948.jpg,5,679,601,758,661
train,images/train/frame_000948_person_06.jpg,data/person_dataset_seed123/images/train/frame_000948.jpg,6,553,643,649,720
train,images/train/frame_000948_person_07.jpg,data/person_dataset_seed123/images/train/frame_000948.jpg,7,284,92,378,203
train,images/train/frame_000948_person_08.jpg,data/person_dataset_seed123/images/train/frame_000948.jpg,8,416,0,509,88
train,images/train/frame_000948_person_09.jpg,data/person_dataset_seed123/images/train/frame_000948.jpg,9,191,153,306,246
train,images/train/frame_000948_person_10.jpg,data/person_dataset_seed123/images/train/frame_000948.jpg,10,159,159,217,236
train,images/train/frame_000948_person_11.jpg,data/person_dataset_seed123/images/train/frame_000948.jpg,11,105,177,171,222
train,images/train/frame_000948_person_12.jpg,data/person_dataset_seed123/images/train/frame_000948.jpg,12,122,82,198,148
train,images/train/frame_000948_person_13.jpg,data/person_dataset_seed123/images/train/frame_000948.jpg,13,217,28,306,122
train,images/train/frame_000948_person_14.jpg,data/person_dataset_seed123/images/train/frame_000948.jpg,14,152,450,260,492
train,images/train/frame_000948_person_15.jpg,data/person_dataset_seed123/images/train/frame_000948.jpg,15,109,542,187,618
train,images/train/frame_000948_person_16.jpg,data/person_dataset_seed123/images/train/frame_000948.jpg,16,218,579,303,673
train,images/train/frame_000948_person_17.jpg,data/person_dataset_seed123/images/train/frame_000948.jpg,17,292,589,372,668
train,images/train/frame_000956_person_00.jpg,data/person_dataset_seed123/images/train/frame_000956.jpg,0,415,0,510,86
train,images/train/frame_000956_person_01.jpg,data/person_dataset_seed123/images/train/frame_000956.jpg,1,687,157,787,233
train,images/train/frame_000956_person_02.jpg,data/person_dataset_seed123/images/train/frame_000956.jpg,2,675,300,794,401
train,images/train/frame_000956_person_03.jpg,data/person_dataset_seed123/images/train/frame_000956.jpg,3,521,453,682,599
train,images/train/frame_000956_person_04.jpg,data/person_dataset_seed123/images/train/frame_000956.jpg,4,461,490,571,720
train,images/train/frame_000956_person_05.jpg,data/person_dataset_seed123/images/train/frame_000956.jpg,5,705,456,794,553
train,images/train/frame_000956_person_06.jpg,data/person_dataset_seed123/images/train/frame_000956.jpg,6,683,596,759,661
train,images/train/frame_000956_person_07.jpg,data/person_dataset_seed123/images/train/frame_000956.jpg,7,550,638,650,720
train,images/train/frame_000956_person_08.jpg,data/person_dataset_seed123/images/train/frame_000956.jpg,8,269,106,380,204
train,images/train/frame_000956_person_09.jpg,data/person_dataset_seed123/images/train/frame_000956.jpg,9,216,28,306,123
train,images/train/frame_000956_person_10.jpg,data/person_dataset_seed123/images/train/frame_000956.jpg,10,122,84,192,153
train,images/train/frame_000956_person_11.jpg,data/person_dataset_seed123/images/train/frame_000956.jpg,11,199,150,293,242
train,images/train/frame_000956_person_12.jpg,data/person_dataset_seed123/images/train/frame_000956.jpg,12,153,158,224,242
train,images/train/frame_000956_person_13.jpg,data/person_dataset_seed123/images/train/frame_000956.jpg,13,103,176,174,233
train,images/train/frame_000956_person_14.jpg,data/person_dataset_seed123/images/train/frame_000956.jpg,14,108,540,192,614
train,images/train/frame_000956_person_15.jpg,data/person_dataset_seed123/images/train/frame_000956.jpg,15,227,579,307,670
train,images/train/frame_000956_person_16.jpg,data/person_dataset_seed123/images/train/frame_000956.jpg,16,289,597,380,672
train,images/train/frame_000956_person_17.jpg,data/person_dataset_seed123/images/train/frame_000956.jpg,17,154,449,262,488
train,images/train/frame_000957_person_00.jpg,data/person_dataset_seed123/images/train/frame_000957.jpg,0,686,156,788,235
train,images/train/frame_000957_person_01.jpg,data/person_dataset_seed123/images/train/frame_000957.jpg,1,680,300,791,399
train,images/train/frame_000957_person_02.jpg,data/person_dataset_seed123/images/train/frame_000957.jpg,2,529,455,687,599
train,images/train/frame_000957_person_03.jpg,data/person_dataset_seed123/images/train/frame_000957.jpg,3,459,492,568,720
train,images/train/frame_000957_person_04.jpg,data/person_dataset_seed123/images/train/frame_000957.jpg,4,704,457,793,554
train,images/train/frame_000957_person_05.jpg,data/person_dataset_seed123/images/train/frame_000957.jpg,5,679,596,759,663
train,images/train/frame_000957_person_06.jpg,data/person_dataset_seed123/images/train/frame_000957.jpg,6,559,640,634,720
train,images/train/frame_000957_person_07.jpg,data/person_dataset_seed123/images/train/frame_000957.jpg,7,287,597,374,670
train,images/train/frame_000957_person_08.jpg,data/person_dataset_seed123/images/train/frame_000957.jpg,8,229,578,304,672
train,images/train/frame_000957_person_09.jpg,data/person_dataset_seed123/images/train/frame_000957.jpg,9,110,543,186,614
train,images/train/frame_000957_person_10.jpg,data/person_dataset_seed123/images/train/frame_000957.jpg,10,164,446,259,490
train,images/train/frame_000957_person_11.jpg,data/person_dataset_seed123/images/train/frame_000957.jpg,11,416,0,508,88
train,images/train/frame_000957_person_12.jpg,data/person_dataset_seed123/images/train/frame_000957.jpg,12,271,106,381,202
train,images/train/frame_000957_person_13.jpg,data/person_dataset_seed123/images/train/frame_000957.jpg,13,204,155,295,241
train,images/train/frame_000957_person_14.jpg,data/person_dataset_seed123/images/train/frame_000957.jpg,14,158,157,229,239
train,images/train/frame_000957_person_15.jpg,data/person_dataset_seed123/images/train/frame_000957.jpg,15,103,177,174,228
train,images/train/frame_000957_person_16.jpg,data/person_dataset_seed123/images/train/frame_000957.jpg,16,121,82,191,147
train,images/train/frame_000957_person_17.jpg,data/person_dataset_seed123/images/train/frame_000957.jpg,17,218,28,305,119
train,images/train/frame_000964_person_00.jpg,data/person_dataset_seed123/images/train/frame_000964.jpg,0,109,543,193,615
train,images/train/frame_000964_person_01.jpg,data/person_dataset_seed123/images/train/frame_000964.jpg,1,230,576,307,674
train,images/train/frame_000964_person_02.jpg,data/person_dataset_seed123/images/train/frame_000964.jpg,2,288,597,373,666
train,images/train/frame_000964_person_03.jpg,data/person_dataset_seed123/images/train/frame_000964.jpg,3,462,589,551,720
train,images/train/frame_000964_person_04.jpg,data/person_dataset_seed123/images/train/frame_000964.jpg,4,554,639,637,720
train,images/train/frame_000964_person_05.jpg,data/person_dataset_seed123/images/train/frame_000964.jpg,5,531,455,679,600
train,images/train/frame_000964_person_06.jpg,data/person_dataset_seed123/images/train/frame_000964.jpg,6,703,453,796,557
train,images/train/frame_000964_person_07.jpg,data/person_dataset_seed123/images/train/frame_000964.jpg,7,674,602,759,661
train,images/train/frame_000964_person_08.jpg,data/person_dataset_seed123/images/train/frame_000964.jpg,8,676,314,791,405
train,images/train/frame_000964_person_09.jpg,data/person_dataset_seed123/images/train/frame_000964.jpg,9,684,158,788,231
train,images/train/frame_000964_person_10.jpg,data/person_dataset_seed123/images/train/frame_000964.jpg,10,411,0,512,86
train,images/train/frame_000964_person_11.jpg,data/person_dataset_seed123/images/train/frame_000964.jpg,11,214,30,309,128
train,images/train/frame_000964_person_12.jpg,data/person_dataset_seed123/images/train/frame_000964.jpg,12,277,106,378,204
train,images/train/frame_000964_person_13.jpg,data/person_dataset_seed123/images/train/frame_000964.jpg,13,199,149,302,246
train,images/train/frame_000964_person_14.jpg,data/person_dataset_seed123/images/train/frame_000964.jpg,14,159,159,220,242
train,images/train/frame_000964_person_15.jpg,data/person_dataset_seed123/images/train/frame_000964.jpg,15,99,174,177,232
train,images/train/frame_000964_person_16.jpg,data/person_dataset_seed123/images/train/frame_000964.jpg,16,123,84,188,149
train,images/train/frame_000964_person_17.jpg,data/person_dataset_seed123/images/train/frame_000964.jpg,17,161,444,260,492
train,images/train/frame_000974_person_00.jpg,data/person_dataset_seed123/images/train/frame_000974.jpg,0,109,543,192,618
train,images/train/frame_000974_person_01.jpg,data/person_dataset_seed123/images/train/frame_000974.jpg,1,160,432,269,490
train,images/train/frame_000974_person_02.jpg,data/person_dataset_seed123/images/train/frame_000974.jpg,2,227,581,309,672
train,images/train/frame_000974_person_03.jpg,data/person_dataset_seed123/images/train/frame_000974.jpg,3,294,599,374,670
train,images/train/frame_000974_person_04.jpg,data/person_dataset_seed123/images/train/frame_000974.jpg,4,446,503,551,720
train,images/train/frame_000974_person_05.jpg,data/person_dataset_seed123/images/train/frame_000974.jpg,5,526,453,681,601
train,images/train/frame_000974_person_06.jpg,data/person_dataset_seed123/images/train/frame_000974.jpg,6,700,456,795,551
train,images/train/frame_000974_person_07.jpg,data/person_dataset_seed123/images/train/frame_000974.jpg,7,669,602,761,662
train,images/train/frame_000974_person_08.jpg,data/person_dataset_seed123/images/train/frame_000974.jpg,8,554,638,632,720
train,images/train/frame_000974_person_09.jpg,data/person_dataset_seed123/images/train/frame_000974.jpg,9,683,298,793,402
train,images/train/frame_000974_person_10.jpg,data/person_dataset_seed123/images/train/frame_000974.jpg,10,688,158,784,233
train,images/train/frame_000974_person_11.jpg,data/person_dataset_seed123/images/train/frame_000974.jpg,11,417,0,508,87
train,images/train/frame_000974_person_12.jpg,data/person_dataset_seed123/images/train/frame_000974.jpg,12,290,78,378,209
train,images/train/frame_000974_person_13.jpg,data/person_dataset_seed123/images/train/frame_000974.jpg,13,218,122,295,237
train,images/train/frame_000974_person_14.jpg,data/person_dataset_seed123/images/train/frame_000974.jpg,14,147,132,235,236
train,images/train/frame_000974_person_15.jpg,data/person_dataset_seed123/images/train/frame_000974.jpg,15,102,179,171,227
train,images/train/frame_000974_person_16.jpg,data/person_dataset_seed123/images/train/frame_000974.jpg,16,120,83,196,145
train,images/train/frame_000974_person_17.jpg,data/person_dataset_seed123/images/train/frame_000974.jpg,17,216,27,310,123
train,images/train/frame_000983_person_00.jpg,data/person_dataset_seed123/images/train/frame_000983.jpg,0,109,542,195,618
train,images/train/frame_000983_person_01.jpg,data/person_dataset_seed123/images/train/frame_000983.jpg,1,224,582,308,673
train,images/train/frame_000983_person_02.jpg,data/person_dataset_seed123/images/train/frame_000983.jpg,2,293,597,371,667
train,images/train/frame_000983_person_03.jpg,data/person_dataset_seed123/images/train/frame_000983.jpg,3,483,373,633,574
train,images/train/frame_000983_person_04.jpg,data/person_dataset_seed123/images/train/frame_000983.jpg,4,607,465,709,602
train,images/train/frame_000983_person_05.jpg,data/person_dataset_seed123/images/train/frame_000983.jpg,5,708,455,794,559
train,images/train/frame_000983_person_06.jpg,data/person_dataset_seed123/images/train/frame_000983.jpg,6,683,608,758,661
train,images/train/frame_000983_person_07.jpg,data/person_dataset_seed123/images/train/frame_000983.jpg,7,556,639,633,720
train,images/train/frame_000983_person_08.jpg,data/person_dataset_seed123/images/train/frame_000983.jpg,8,685,157,788,233
train,images/train/frame_000983_person_09.jpg,data/person_dataset_seed123/images/train/frame_000983.jpg,9,683,300,794,395
train,images/train/frame_000983_person_10.jpg,data/person_dataset_seed123/images/train/frame_000983.jpg,10,413,0,508,81
train,images/train/frame_000983_person_11.jpg,data/person_dataset_seed123/images/train/frame_000983.jpg,11,285,89,377,204
train,images/train/frame_000983_person_12.jpg,data/person_dataset_seed123/images/train/frame_000983.jpg,12,218,30,306,123
train,images/train/frame_000983_person_13.jpg,data/person_dataset_seed123/images/train/frame_000983.jpg,13,214,132,296,241
train,images/train/frame_000983_person_14.jpg,data/person_dataset_seed123/images/train/frame_000983.jpg,14,145,139,226,228
train,images/train/frame_000983_person_15.jpg,data/person_dataset_seed123/images/train/frame_000983.jpg,15,95,177,170,223
train,images/train/frame_000983_person_16.jpg,data/person_dataset_seed123/images/train/frame_000983.jpg,16,122,82,203,148
train,images/train/frame_000983_person_17.jpg,data/person_dataset_seed123/images/train/frame_000983.jpg,17,155,431,260,491
train,images/train/frame_000990_person_00.jpg,data/person_dataset_seed123/images/train/frame_000990.jpg,0,498,225,639,362
train,images/train/frame_000990_person_01.jpg,data/person_dataset_seed123/images/train/frame_000990.jpg,1,686,157,788,233
train,images/train/frame_000990_person_02.jpg,data/person_dataset_seed123/images/train/frame_000990.jpg,2,678,297,792,400
train,images/train/frame_000990_person_03.jpg,data/person_dataset_seed123/images/train/frame_000990.jpg,3,702,459,796,556
train,images/train/frame_000990_person_04.jpg,data/person_dataset_seed123/images/train/frame_000990.jpg,4,523,453,686,605
train,images/train/frame_000990_person_05.jpg,data/person_dataset_seed123/images/train/frame_000990.jpg,5,555,640,633,720
train,images/train/frame_000990_person_06.jpg,data/person_dataset_seed123/images/train/frame_000990.jpg,6,670,605,760,666
train,images/train/frame_000990_person_07.jpg,data/person_dataset_seed123/images/train/frame_000990.jpg,7,288,599,373,665
train,images/train/frame_000990_person_08.jpg,data/person_dataset_seed123/images/train/frame_000990.jpg,8,234,578,306,667
train,images/train/frame_000990_person_09.jpg,data/person_dataset_seed123/images/train/frame_000990.jpg,9,109,544,192,619
train,images/train/frame_000990_person_10.jpg,data/person_dataset_seed123/images/train/frame_000990.jpg,10,416,0,512,81
train,images/train/frame_000990_person_11.jpg,data/person_dataset_seed123/images/train/frame_000990.jpg,11,282,91,383,199
train,images/train/frame_000990_person_12.jpg,data/person_dataset_seed123/images/train/frame_000990.jpg,12,216,29,306,125
train,images/train/frame_000990_person_13.jpg,data/person_dataset_seed123/images/train/frame_000990.jpg,13,211,127,308,211
train,images/train/frame_000990_person_14.jpg,data/person_dataset_seed123/images/train/frame_000990.jpg,14,148,158,230,225
train,images/train/frame_000990_person_15.jpg,data/person_dataset_seed123/images/train/frame_000990.jpg,15,100,176,165,224
train,images/train/frame_000990_person_16.jpg,data/person_dataset_seed123/images/train/frame_000990.jpg,16,122,78,199,151
train,images/train/frame_000995_person_00.jpg,data/person_dataset_seed123/images/train/frame_000995.jpg,0,410,0,513,94
train,images/train/frame_000995_person_01.jpg,data/person_dataset_seed123/images/train/frame_000995.jpg,1,300,62,405,206
train,images/train/frame_000995_person_02.jpg,data/person_dataset_seed123/images/train/frame_000995.jpg,2,211,133,306,213
train,images/train/frame_000995_person_03.jpg,data/person_dataset_seed123/images/train/frame_000995.jpg,3,155,158,228,230
train,images/train/frame_000995_person_04.jpg,data/person_dataset_seed123/images/train/frame_000995.jpg,4,99,176,167,219
train,images/train/frame_000995_person_05.jpg,data/person_dataset_seed123/images/train/frame_000995.jpg,5,121,79,194,147
train,images/train/frame_000995_person_06.jpg,data/person_dataset_seed123/images/train/frame_000995.jpg,6,215,27,308,126
train,images/train/frame_000995_person_07.jpg,data/person_dataset_seed123/images/train/frame_000995.jpg,7,488,82,608,295
train,images/train/frame_000995_person_08.jpg,data/person_dataset_seed123/images/train/frame_000995.jpg,8,692,158,785,237
train,images/train/frame_000995_person_09.jpg,data/person_dataset_seed123/images/train/frame_000995.jpg,9,681,304,792,397
train,images/train/frame_000995_person_10.jpg,data/person_dataset_seed123/images/train/frame_000995.jpg,10,702,457,796,556
train,images/train/frame_000995_person_11.jpg,data/person_dataset_seed123/images/train/frame_000995.jpg,11,526,454,673,615
train,images/train/frame_000995_person_12.jpg,data/person_dataset_seed123/images/train/frame_000995.jpg,12,648,509,706,579
train,images/train/frame_000995_person_13.jpg,data/person_dataset_seed123/images/train/frame_000995.jpg,13,682,597,762,664
train,images/train/frame_000995_person_14.jpg,data/person_dataset_seed123/images/train/frame_000995.jpg,14,558,638,631,720
train,images/train/frame_000995_person_15.jpg,data/person_dataset_seed123/images/train/frame_000995.jpg,15,288,595,373,660
train,images/train/frame_000995_person_16.jpg,data/person_dataset_seed123/images/train/frame_000995.jpg,16,228,581,300,671
train,images/train/frame_000995_person_17.jpg,data/person_dataset_seed123/images/train/frame_000995.jpg,17,109,541,194,616
train,images/train/frame_001011_person_00.jpg,data/person_dataset_seed123/images/train/frame_001011.jpg,0,486,0,567,146
train,images/train/frame_001011_person_01.jpg,data/person_dataset_seed123/images/train/frame_001011.jpg,1,416,0,507,80
train,images/train/frame_001011_person_02.jpg,data/person_dataset_seed123/images/train/frame_001011.jpg,2,304,64,410,206
train,images/train/frame_001011_person_03.jpg,data/person_dataset_seed123/images/train/frame_001011.jpg,3,217,30,304,120
train,images/train/frame_001011_person_04.jpg,data/person_dataset_seed123/images/train/frame_001011.jpg,4,204,150,313,220
train,images/train/frame_001011_person_05.jpg,data/person_dataset_seed123/images/train/frame_001011.jpg,5,155,159,222,227
train,images/train/frame_001011_person_06.jpg,data/person_dataset_seed123/images/train/frame_001011.jpg,6,100,175,167,230
train,images/train/frame_001011_person_07.jpg,data/person_dataset_seed123/images/train/frame_001011.jpg,7,124,76,194,145
train,images/train/frame_001011_person_08.jpg,data/person_dataset_seed123/images/train/frame_001011.jpg,8,110,545,187,616
train,images/train/frame_001011_person_09.jpg,data/person_dataset_seed123/images/train/frame_001011.jpg,9,225,582,302,669
train,images/train/frame_001011_person_10.jpg,data/person_dataset_seed123/images/train/frame_001011.jpg,10,287,600,376,666
train,images/train/frame_001011_person_11.jpg,data/person_dataset_seed123/images/train/frame_001011.jpg,11,516,456,703,602
train,images/train/frame_001011_person_12.jpg,data/person_dataset_seed123/images/train/frame_001011.jpg,12,705,457,795,552
train,images/train/frame_001011_person_13.jpg,data/person_dataset_seed123/images/train/frame_001011.jpg,13,676,601,760,667
train,images/train/frame_001011_person_14.jpg,data/person_dataset_seed123/images/train/frame_001011.jpg,14,555,640,633,720
train,images/train/frame_001011_person_15.jpg,data/person_dataset_seed123/images/train/frame_001011.jpg,15,676,305,799,399
train,images/train/frame_001011_person_16.jpg,data/person_dataset_seed123/images/train/frame_001011.jpg,16,691,155,785,232
train,images/train/frame_001021_person_00.jpg,data/person_dataset_seed123/images/train/frame_001021.jpg,0,486,16,589,218
train,images/train/frame_001021_person_01.jpg,data/person_dataset_seed123/images/train/frame_001021.jpg,1,688,159,788,229
train,images/train/frame_001021_person_02.jpg,data/person_dataset_seed123/images/train/frame_001021.jpg,2,418,0,504,90
train,images/train/frame_001021_person_03.jpg,data/person_dataset_seed123/images/train/frame_001021.jpg,3,307,91,400,200
train,images/train/frame_001021_person_04.jpg,data/person_dataset_seed123/images/train/frame_001021.jpg,4,202,157,309,222
train,images/train/frame_001021_person_05.jpg,data/person_dataset_seed123/images/train/frame_001021.jpg,5,149,160,227,229
train,images/train/frame_001021_person_06.jpg,data/person_dataset_seed123/images/train/frame_001021.jpg,6,101,178,162,220
train,images/train/frame_001021_person_07.jpg,data/person_dataset_seed123/images/train/frame_001021.jpg,7,120,83,191,143
train,images/train/frame_001021_person_08.jpg,data/person_dataset_seed123/images/train/frame_001021.jpg,8,215,29,311,121
train,images/train/frame_001021_person_09.jpg,data/person_dataset_seed123/images/train/frame_001021.jpg,9,108,541,186,619
train,images/train/frame_001021_person_10.jpg,data/person_dataset_seed123/images/train/frame_001021.jpg,10,221,581,306,671
train,images/train/frame_001021_person_11.jpg,data/person_dataset_seed123/images/train/frame_001021.jpg,11,295,595,373,665
train,images/train/frame_001021_person_12.jpg,data/person_dataset_seed123/images/train/frame_001021.jpg,12,520,454,668,611
train,images/train/frame_001021_person_13.jpg,data/person_dataset_seed123/images/train/frame_001021.jpg,13,646,516,701,583
train,images/train/frame_001021_person_14.jpg,data/person_dataset_seed123/images/train/frame_001021.jpg,14,699,459,795,548
train,images/train/frame_001021_person_15.jpg,data/person_dataset_seed123/images/train/frame_001021.jpg,15,671,599,757,664
train,images/train/frame_001021_person_16.jpg,data/person_dataset_seed123/images/train/frame_001021.jpg,16,558,639,632,720
train,images/train/frame_001029_person_00.jpg,data/person_dataset_seed123/images/train/frame_001029.jpg,0,309,86,400,201
train,images/train/frame_001029_person_01.jpg,data/person_dataset_seed123/images/train/frame_001029.jpg,1,413,0,520,82
train,images/train/frame_001029_person_02.jpg,data/person_dataset_seed123/images/train/frame_001029.jpg,2,219,29,300,116
train,images/train/frame_001029_person_03.jpg,data/person_dataset_seed123/images/train/frame_001029.jpg,3,210,151,303,228
train,images/train/frame_001029_person_04.jpg,data/person_dataset_seed123/images/train/frame_001029.jpg,4,151,157,236,227
train,images/train/frame_001029_person_05.jpg,data/person_dataset_seed123/images/train/frame_001029.jpg,5,101,173,170,232
train,images/train/frame_001029_person_06.jpg,data/person_dataset_seed123/images/train/frame_001029.jpg,6,123,80,191,146
train,images/train/frame_001029_person_07.jpg,data/person_dataset_seed123/images/train/frame_001029.jpg,7,496,187,624,352
train,images/train/frame_001029_person_08.jpg,data/person_dataset_seed123/images/train/frame_001029.jpg,8,688,157,787,229
train,images/train/frame_001029_person_09.jpg,data/person_dataset_seed123/images/train/frame_001029.jpg,9,685,298,796,401
train,images/train/frame_001029_person_10.jpg,data/person_dataset_seed123/images/train/frame_001029.jpg,10,701,458,796,555
train,images/train/frame_001029_person_11.jpg,data/person_dataset_seed123/images/train/frame_001029.jpg,11,523,456,685,594
train,images/train/frame_001029_person_12.jpg,data/person_dataset_seed123/images/train/frame_001029.jpg,12,673,611,761,662
train,images/train/frame_001029_person_13.jpg,data/person_dataset_seed123/images/train/frame_001029.jpg,13,553,639,633,720
train,images/train/frame_001029_person_14.jpg,data/person_dataset_seed123/images/train/frame_001029.jpg,14,288,595,374,655
train,images/train/frame_001029_person_15.jpg,data/person_dataset_seed123/images/train/frame_001029.jpg,15,220,576,300,664
train,images/train/frame_001029_person_16.jpg,data/person_dataset_seed123/images/train/frame_001029.jpg,16,112,543,196,620
train,images/train/frame_001035_person_00.jpg,data/person_dataset_seed123/images/train/frame_001035.jpg,0,309,70,407,202
train,images/train/frame_001035_person_01.jpg,data/person_dataset_seed123/images/train/frame_001035.jpg,1,414,0,523,81
train,images/train/frame_001035_person_02.jpg,data/person_dataset_seed123/images/train/frame_001035.jpg,2,214,31,306,120
train,images/train/frame_001035_person_03.jpg,data/person_dataset_seed123/images/train/frame_001035.jpg,3,214,150,291,236
train,images/train/frame_001035_person_04.jpg,data/person_dataset_seed123/images/train/frame_001035.jpg,4,153,159,230,230
train,images/train/frame_001035_person_05.jpg,data/person_dataset_seed123/images/train/frame_001035.jpg,5,99,175,162,228
train,images/train/frame_001035_person_06.jpg,data/person_dataset_seed123/images/train/frame_001035.jpg,6,122,82,186,145
train,images/train/frame_001035_person_07.jpg,data/person_dataset_seed123/images/train/frame_001035.jpg,7,108,544,192,619
train,images/train/frame_001035_person_08.jpg,data/person_dataset_seed123/images/train/frame_001035.jpg,8,220,583,297,668
train,images/train/frame_001035_person_09.jpg,data/person_dataset_seed123/images/train/frame_001035.jpg,9,292,600,372,666
train,images/train/frame_001035_person_10.jpg,data/person_dataset_seed123/images/train/frame_001035.jpg,10,488,370,621,459
train,images/train/frame_001035_person_11.jpg,data/person_dataset_seed123/images/train/frame_001035.jpg,11,523,434,688,610
train,images/train/frame_001035_person_12.jpg,data/person_dataset_seed123/images/train/frame_001035.jpg,12,705,461,795,545
train,images/train/frame_001035_person_13.jpg,data/person_dataset_seed123/images/train/frame_001035.jpg,13,671,616,757,663
train,images/train/frame_001035_person_14.jpg,data/person_dataset_seed123/images/train/frame_001035.jpg,14,553,644,635,720
train,images/train/frame_001035_person_15.jpg,data/person_dataset_seed123/images/train/frame_001035.jpg,15,682,303,796,397
train,images/train/frame_001035_person_16.jpg,data/person_dataset_seed123/images/train/frame_001035.jpg,16,685,152,785,220
train,images/train/frame_001045_person_00.jpg,data/person_dataset_seed123/images/train/frame_001045.jpg,0,689,123,785,216
train,images/train/frame_001045_person_01.jpg,data/person_dataset_seed123/images/train/frame_001045.jpg,1,681,295,793,406
train,images/train/frame_001045_person_02.jpg,data/person_dataset_seed123/images/train/frame_001045.jpg,2,702,455,798,552
train,images/train/frame_001045_person_03.jpg,data/person_dataset_seed123/images/train/frame_001045.jpg,3,671,612,758,661
train,images/train/frame_001045_person_04.jpg,data/person_dataset_seed123/images/train/frame_001045.jpg,4,554,648,632,720
train,images/train/frame_001045_person_05.jpg,data/person_dataset_seed123/images/train/frame_001045.jpg,5,531,459,693,595
train,images/train/frame_001045_person_06.jpg,data/person_dataset_seed123/images/train/frame_001045.jpg,6,452,497,570,720
train,images/train/frame_001045_person_07.jpg,data/person_dataset_seed123/images/train/frame_001045.jpg,7,300,602,376,686
train,images/train/frame_001045_person_08.jpg,data/person_dataset_seed123/images/train/frame_001045.jpg,8,225,579,310,669
train,images/train/frame_001045_person_09.jpg,data/person_dataset_seed123/images/train/frame_001045.jpg,9,106,544,197,613
train,images/train/frame_001045_person_10.jpg,data/person_dataset_seed123/images/train/frame_001045.jpg,10,415,0,524,86
train,images/train/frame_001045_person_11.jpg,data/person_dataset_seed123/images/train/frame_001045.jpg,11,281,88,394,197
train,images/train/frame_001045_person_12.jpg,data/person_dataset_seed123/images/train/frame_001045.jpg,12,210,141,300,217
train,images/train/frame_001045_person_13.jpg,data/person_dataset_seed123/images/train/frame_001045.jpg,13,143,149,230,231
train,images/train/frame_001045_person_14.jpg,data/person_dataset_seed123/images/train/frame_001045.jpg,14,98,176,155,233
train,images/train/frame_001045_person_15.jpg,data/person_dataset_seed123/images/train/frame_001045.jpg,15,123,81,193,149
train,images/train/frame_001045_person_16.jpg,data/person_dataset_seed123/images/train/frame_001045.jpg,16,216,27,307,120
train,images/train/frame_001052_person_00.jpg,data/person_dataset_seed123/images/train/frame_001052.jpg,0,690,117,783,214
train,images/train/frame_001052_person_01.jpg,data/person_dataset_seed123/images/train/frame_001052.jpg,1,681,299,794,397
train,images/train/frame_001052_person_02.jpg,data/person_dataset_seed123/images/train/frame_001052.jpg,2,703,456,794,554
train,images/train/frame_001052_person_03.jpg,data/person_dataset_seed123/images/train/frame_001052.jpg,3,529,454,693,601
train,images/train/frame_001052_person_04.jpg,data/person_dataset_seed123/images/train/frame_001052.jpg,4,675,610,760,662
train,images/train/frame_001052_person_05.jpg,data/person_dataset_seed123/images/train/frame_001052.jpg,5,552,645,634,720
train,images/train/frame_001052_person_06.jpg,data/person_dataset_seed123/images/train/frame_001052.jpg,6,488,590,573,720
train,images/train/frame_001052_person_07.jpg,data/person_dataset_seed123/images/train/frame_001052.jpg,7,297,599,374,695
train,images/train/frame_001052_person_08.jpg,data/person_dataset_seed123/images/train/frame_001052.jpg,8,224,580,309,657
train,images/train/frame_001052_person_09.jpg,data/person_dataset_seed123/images/train/frame_001052.jpg,9,114,536,197,614
train,images/train/frame_001052_person_10.jpg,data/person_dataset_seed123/images/train/frame_001052.jpg,10,157,443,257,498
train,images/train/frame_001052_person_11.jpg,data/person_dataset_seed123/images/train/frame_001052.jpg,11,287,87,386,201
train,images/train/frame_001052_person_12.jpg,data/person_dataset_seed123/images/train/frame_001052.jpg,12,419,0,524,82
train,images/train/frame_001052_person_13.jpg,data/person_dataset_seed123/images/train/frame_001052.jpg,13,214,29,306,123
train,images/train/frame_001052_person_14.jpg,data/person_dataset_seed123/images/train/frame_001052.jpg,14,213,150,301,216
train,images/train/frame_001052_person_15.jpg,data/person_dataset_seed123/images/train/frame_001052.jpg,15,150,146,243,217
train,images/train/frame_001052_person_16.jpg,data/person_dataset_seed123/images/train/frame_001052.jpg,16,103,175,177,240
train,images/train/frame_001052_person_17.jpg,data/person_dataset_seed123/images/train/frame_001052.jpg,17,122,81,199,146
train,images/train/frame_001060_person_00.jpg,data/person_dataset_seed123/images/train/frame_001060.jpg,0,111,541,190,620
train,images/train/frame_001060_person_01.jpg,data/person_dataset_seed123/images/train/frame_001060.jpg,1,225,579,307,668
train,images/train/frame_001060_person_02.jpg,data/person_dataset_seed123/images/train/frame_001060.jpg,2,295,606,378,714
train,images/train/frame_001060_person_03.jpg,data/person_dataset_seed123/images/train/frame_001060.jpg,3,455,539,568,720
train,images/train/frame_001060_person_04.jpg,data/person_dataset_seed123/images/train/frame_001060.jpg,4,536,454,680,606
train,images/train/frame_001060_person_05.jpg,data/person_dataset_seed123/images/train/frame_001060.jpg,5,706,459,796,547
train,images/train/frame_001060_person_06.jpg,data/person_dataset_seed123/images/train/frame_001060.jpg,6,671,602,760,665
train,images/train/frame_001060_person_07.jpg,data/person_dataset_seed123/images/train/frame_001060.jpg,7,557,634,632,720
train,images/train/frame_001060_person_08.jpg,data/person_dataset_seed123/images/train/frame_001060.jpg,8,678,305,793,399
train,images/train/frame_001060_person_09.jpg,data/person_dataset_seed123/images/train/frame_001060.jpg,9,691,124,777,215
train,images/train/frame_001060_person_10.jpg,data/person_dataset_seed123/images/train/frame_001060.jpg,10,413,0,524,89
train,images/train/frame_001060_person_11.jpg,data/person_dataset_seed123/images/train/frame_001060.jpg,11,280,92,384,200
train,images/train/frame_001060_person_12.jpg,data/person_dataset_seed123/images/train/frame_001060.jpg,12,214,28,307,126
train,images/train/frame_001060_person_13.jpg,data/person_dataset_seed123/images/train/frame_001060.jpg,13,208,148,302,221
train,images/train/frame_001060_person_14.jpg,data/person_dataset_seed123/images/train/frame_001060.jpg,14,150,147,232,228
train,images/train/frame_001060_person_15.jpg,data/person_dataset_seed123/images/train/frame_001060.jpg,15,101,180,174,235
train,images/train/frame_001060_person_16.jpg,data/person_dataset_seed123/images/train/frame_001060.jpg,16,123,80,204,149
train,images/train/frame_001062_person_00.jpg,data/person_dataset_seed123/images/train/frame_001062.jpg,0,692,124,777,218
train,images/train/frame_001062_person_01.jpg,data/person_dataset_seed123/images/train/frame_001062.jpg,1,687,300,792,397
train,images/train/frame_001062_person_02.jpg,data/person_dataset_seed123/images/train/frame_001062.jpg,2,705,455,795,549
train,images/train/frame_001062_person_03.jpg,data/person_dataset_seed123/images/train/frame_001062.jpg,3,671,601,758,666
train,images/train/frame_001062_person_04.jpg,data/person_dataset_seed123/images/train/frame_001062.jpg,4,536,454,681,603
train,images/train/frame_001062_person_05.jpg,data/person_dataset_seed123/images/train/frame_001062.jpg,5,557,647,633,720
train,images/train/frame_001062_person_06.jpg,data/person_dataset_seed123/images/train/frame_001062.jpg,6,451,538,565,720
train,images/train/frame_001062_person_07.jpg,data/person_dataset_seed123/images/train/frame_001062.jpg,7,219,581,312,672
train,images/train/frame_001062_person_08.jpg,data/person_dataset_seed123/images/train/frame_001062.jpg,8,289,601,375,700
train,images/train/frame_001062_person_09.jpg,data/person_dataset_seed123/images/train/frame_001062.jpg,9,110,546,187,616
train,images/train/frame_001062_person_10.jpg,data/person_dataset_seed123/images/train/frame_001062.jpg,10,284,90,385,204
train,images/train/frame_001062_person_11.jpg,data/person_dataset_seed123/images/train/frame_001062.jpg,11,420,0,523,90
train,images/train/frame_001062_person_12.jpg,data/person_dataset_seed123/images/train/frame_001062.jpg,12,213,31,306,126
train,images/train/frame_001062_person_13.jpg,data/person_dataset_seed123/images/train/frame_001062.jpg,13,212,147,300,220
train,images/train/frame_001062_person_14.jpg,data/person_dataset_seed123/images/train/frame_001062.jpg,14,151,149,231,227
train,images/train/frame_001062_person_15.jpg,data/person_dataset_seed123/images/train/frame_001062.jpg,15,102,178,175,237
train,images/train/frame_001062_person_16.jpg,data/person_dataset_seed123/images/train/frame_001062.jpg,16,121,82,197,153
train,images/train/frame_001143_person_00.jpg,data/person_dataset_seed123/images/train/frame_001143.jpg,0,286,83,389,204
train,images/train/frame_001143_person_01.jpg,data/person_dataset_seed123/images/train/frame_001143.jpg,1,414,0,523,86
train,images/train/frame_001143_person_02.jpg,data/person_dataset_seed123/images/train/frame_001143.jpg,2,690,120,779,214
train,images/train/frame_001143_person_03.jpg,data/person_dataset_seed123/images/train/frame_001143.jpg,3,686,299,790,402
train,images/train/frame_001143_person_04.jpg,data/person_dataset_seed123/images/train/frame_001143.jpg,4,705,434,797,546
train,images/train/frame_001143_person_05.jpg,data/person_dataset_seed123/images/train/frame_001143.jpg,5,529,455,704,590
train,images/train/frame_001143_person_06.jpg,data/person_dataset_seed123/images/train/frame_001143.jpg,6,557,637,638,720
train,images/train/frame_001143_person_07.jpg,data/person_dataset_seed123/images/train/frame_001143.jpg,7,675,601,757,667
train,images/train/frame_001143_person_08.jpg,data/person_dataset_seed123/images/train/frame_001143.jpg,8,470,578,569,720
train,images/train/frame_001143_person_09.jpg,data/person_dataset_seed123/images/train/frame_001143.jpg,9,293,606,374,683
train,images/train/frame_001143_person_10.jpg,data/person_dataset_seed123/images/train/frame_001143.jpg,10,221,578,305,659
train,images/train/frame_001143_person_11.jpg,data/person_dataset_seed123/images/train/frame_001143.jpg,11,109,545,194,618
train,images/train/frame_001143_person_12.jpg,data/person_dataset_seed123/images/train/frame_001143.jpg,12,198,148,300,255
train,images/train/frame_001143_person_13.jpg,data/person_dataset_seed123/images/train/frame_001143.jpg,13,213,29,305,126
train,images/train/frame_001143_person_14.jpg,data/person_dataset_seed123/images/train/frame_001143.jpg,14,117,85,202,152
train,images/train/frame_001143_person_15.jpg,data/person_dataset_seed123/images/train/frame_001143.jpg,15,146,151,222,230
train,images/train/frame_001143_person_16.jpg,data/person_dataset_seed123/images/train/frame_001143.jpg,16,103,181,169,238
train,images/train/frame_001151_person_00.jpg,data/person_dataset_seed123/images/train/frame_001151.jpg,0,689,112,786,220
train,images/train/frame_001151_person_01.jpg,data/person_dataset_seed123/images/train/frame_001151.jpg,1,681,296,798,400
train,images/train/frame_001151_person_02.jpg,data/person_dataset_seed123/images/train/frame_001151.jpg,2,517,447,678,589
train,images/train/frame_001151_person_03.jpg,data/person_dataset_seed123/images/train/frame_001151.jpg,3,701,435,800,543
train,images/train/frame_001151_person_04.jpg,data/person_dataset_seed123/images/train/frame_001151.jpg,4,675,606,754,672
train,images/train/frame_001151_person_05.jpg,data/person_dataset_seed123/images/train/frame_001151.jpg,5,558,637,641,720
train,images/train/frame_001151_person_06.jpg,data/person_dataset_seed123/images/train/frame_001151.jpg,6,471,585,571,720
train,images/train/frame_001151_person_07.jpg,data/person_dataset_seed123/images/train/frame_001151.jpg,7,290,603,375,685
train,images/train/frame_001151_person_08.jpg,data/person_dataset_seed123/images/train/frame_001151.jpg,8,220,582,305,657
train,images/train/frame_001151_person_09.jpg,data/person_dataset_seed123/images/train/frame_001151.jpg,9,106,540,199,613
train,images/train/frame_001151_person_10.jpg,data/person_dataset_seed123/images/train/frame_001151.jpg,10,290,80,388,208
train,images/train/frame_001151_person_11.jpg,data/person_dataset_seed123/images/train/frame_001151.jpg,11,410,0,514,93
train,images/train/frame_001151_person_12.jpg,data/person_dataset_seed123/images/train/frame_001151.jpg,12,217,33,306,124
train,images/train/frame_001151_person_13.jpg,data/person_dataset_seed123/images/train/frame_001151.jpg,13,199,148,308,218
train,images/train/frame_001151_person_14.jpg,data/person_dataset_seed123/images/train/frame_001151.jpg,14,119,86,207,148
train,images/train/frame_001151_person_15.jpg,data/person_dataset_seed123/images/train/frame_001151.jpg,15,148,150,225,234
train,images/train/frame_001151_person_16.jpg,data/person_dataset_seed123/images/train/frame_001151.jpg,16,110,180,165,235
train,images/train/frame_001162_person_00.jpg,data/person_dataset_seed123/images/train/frame_001162.jpg,0,470,490,591,699
train,images/train/frame_001162_person_01.jpg,data/person_dataset_seed123/images/train/frame_001162.jpg,1,541,407,716,523
train,images/train/frame_001162_person_02.jpg,data/person_dataset_seed123/images/train/frame_001162.jpg,2,572,508,704,600
train,images/train/frame_001162_person_03.jpg,data/person_dataset_seed123/images/train/frame_001162.jpg,3,714,431,798,538
train,images/train/frame_001162_person_04.jpg,data/person_dataset_seed123/images/train/frame_001162.jpg,4,683,314,793,398
train,images/train/frame_001162_person_05.jpg,data/person_dataset_seed123/images/train/frame_001162.jpg,5,676,604,760,667
train,images/train/frame_001162_person_06.jpg,data/person_dataset_seed123/images/train/frame_001162.jpg,6,564,633,632,720
train,images/train/frame_001162_person_07.jpg,data/person_dataset_seed123/images/train/frame_001162.jpg,7,684,139,783,217
train,images/train/frame_001162_person_08.jpg,data/person_dataset_seed123/images/train/frame_001162.jpg,8,409,0,519,82
train,images/train/frame_001162_person_09.jpg,data/person_dataset_seed123/images/train/frame_001162.jpg,9,298,73,386,204
train,images/train/frame_001162_person_10.jpg,data/person_dataset_seed123/images/train/frame_001162.jpg,10,215,29,306,126
train,images/train/frame_001162_person_11.jpg,data/person_dataset_seed123/images/train/frame_001162.jpg,11,201,141,306,253
train,images/train/frame_001162_person_12.jpg,data/person_dataset_seed123/images/train/frame_001162.jpg,12,142,151,226,232
train,images/train/frame_001162_person_13.jpg,data/person_dataset_seed123/images/train/frame_001162.jpg,13,108,187,163,231
train,images/train/frame_001162_person_14.jpg,data/person_dataset_seed123/images/train/frame_001162.jpg,14,117,85,200,150
train,images/train/frame_001162_person_15.jpg,data/person_dataset_seed123/images/train/frame_001162.jpg,15,109,544,189,616
train,images/train/frame_001162_person_16.jpg,data/person_dataset_seed123/images/train/frame_001162.jpg,16,207,579,311,669
train,images/train/frame_001162_person_17.jpg,data/person_dataset_seed123/images/train/frame_001162.jpg,17,292,604,372,685
train,images/train/frame_001162_person_18.jpg,data/person_dataset_seed123/images/train/frame_001162.jpg,18,38,162,114,226
train,images/train/frame_001170_person_00.jpg,data/person_dataset_seed123/images/train/frame_001170.jpg,0,108,544,196,614
train,images/train/frame_001170_person_01.jpg,data/person_dataset_seed123/images/train/frame_001170.jpg,1,223,581,300,673
train,images/train/frame_001170_person_02.jpg,data/person_dataset_seed123/images/train/frame_001170.jpg,2,291,608,372,683
train,images/train/frame_001170_person_03.jpg,data/person_dataset_seed123/images/train/frame_001170.jpg,3,491,363,639,488
train,images/train/frame_001170_person_04.jpg,data/person_dataset_seed123/images/train/frame_001170.jpg,4,616,410,748,536
train,images/train/frame_001170_person_05.jpg,data/person_dataset_seed123/images/train/frame_001170.jpg,5,561,482,695,582
train,images/train/frame_001170_person_06.jpg,data/person_dataset_seed123/images/train/frame_001170.jpg,6,722,426,798,542
train,images/train/frame_001170_person_07.jpg,data/person_dataset_seed123/images/train/frame_001170.jpg,7,685,156,793,224
train,images/train/frame_001170_person_08.jpg,data/person_dataset_seed123/images/train/frame_001170.jpg,8,675,324,800,400
train,images/train/frame_001170_person_09.jpg,data/person_dataset_seed123/images/train/frame_001170.jpg,9,671,607,759,667
train,images/train/frame_001170_person_10.jpg,data/person_dataset_seed123/images/train/frame_001170.jpg,10,554,640,636,720
train,images/train/frame_001170_person_11.jpg,data/person_dataset_seed123/images/train/frame_001170.jpg,11,421,0,520,79
train,images/train/frame_001170_person_12.jpg,data/person_dataset_seed123/images/train/frame_001170.jpg,12,311,72,387,205
train,images/train/frame_001170_person_13.jpg,data/person_dataset_seed123/images/train/frame_001170.jpg,13,214,29,307,121
train,images/train/frame_001170_person_14.jpg,data/person_dataset_seed123/images/train/frame_001170.jpg,14,200,144,292,256
train,images/train/frame_001170_person_15.jpg,data/person_dataset_seed123/images/train/frame_001170.jpg,15,148,154,227,227
train,images/train/frame_001170_person_16.jpg,data/person_dataset_seed123/images/train/frame_001170.jpg,16,103,181,163,231
train,images/train/frame_001170_person_17.jpg,data/person_dataset_seed123/images/train/frame_001170.jpg,17,86,119,157,183
train,images/train/frame_001170_person_18.jpg,data/person_dataset_seed123/images/train/frame_001170.jpg,18,123,81,195,143
train,images/train/frame_001174_person_00.jpg,data/person_dataset_seed123/images/train/frame_001174.jpg,0,424,0,520,90
train,images/train/frame_001174_person_01.jpg,data/person_dataset_seed123/images/train/frame_001174.jpg,1,314,72,390,204
train,images/train/frame_001174_person_02.jpg,data/person_dataset_seed123/images/train/frame_001174.jpg,2,217,29,305,129
train,images/train/frame_001174_person_03.jpg,data/person_dataset_seed123/images/train/frame_001174.jpg,3,202,147,312,247
train,images/train/frame_001174_person_04.jpg,data/person_dataset_seed123/images/train/frame_001174.jpg,4,153,152,227,225
train,images/train/frame_001174_person_05.jpg,data/person_dataset_seed123/images/train/frame_001174.jpg,5,120,88,211,163
train,images/train/frame_001174_person_06.jpg,data/person_dataset_seed123/images/train/frame_001174.jpg,6,101,179,171,235
train,images/train/frame_001174_person_07.jpg,data/person_dataset_seed123/images/train/frame_001174.jpg,7,682,157,794,225
train,images/train/frame_001174_person_08.jpg,data/person_dataset_seed123/images/train/frame_001174.jpg,8,675,319,790,398
train,images/train/frame_001174_person_09.jpg,data/person_dataset_seed123/images/train/frame_001174.jpg,9,494,265,629,409
train,images/train/frame_001174_person_10.jpg,data/person_dataset_seed123/images/train/frame_001174.jpg,10,589,411,760,520
train,images/train/frame_001174_person_11.jpg,data/person_dataset_seed123/images/train/frame_001174.jpg,11,566,483,682,596
train,images/train/frame_001174_person_12.jpg,data/person_dataset_seed123/images/train/frame_001174.jpg,12,673,599,761,669
train,images/train/frame_001174_person_13.jpg,data/person_dataset_seed123/images/train/frame_001174.jpg,13,556,638,637,720
train,images/train/frame_001174_person_14.jpg,data/person_dataset_seed123/images/train/frame_001174.jpg,14,290,603,375,685
train,images/train/frame_001174_person_15.jpg,data/person_dataset_seed123/images/train/frame_001174.jpg,15,222,579,309,667
train,images/train/frame_001174_person_16.jpg,data/person_dataset_seed123/images/train/frame_001174.jpg,16,108,545,200,614
train,images/train/frame_001181_person_00.jpg,data/person_dataset_seed123/images/train/frame_001181.jpg,0,489,73,604,293
train,images/train/frame_001181_person_01.jpg,data/person_dataset_seed123/images/train/frame_001181.jpg,1,689,166,805,232
train,images/train/frame_001181_person_02.jpg,data/person_dataset_seed123/images/train/frame_001181.jpg,2,678,318,793,402
train,images/train/frame_001181_person_03.jpg,data/person_dataset_seed123/images/train/frame_001181.jpg,3,563,474,678,596
train,images/train/frame_001181_person_04.jpg,data/person_dataset_seed123/images/train/frame_001181.jpg,4,613,425,780,541
train,images/train/frame_001181_person_05.jpg,data/person_dataset_seed123/images/train/frame_001181.jpg,5,739,430,804,485
train,images/train/frame_001181_person_06.jpg,data/person_dataset_seed123/images/train/frame_001181.jpg,6,679,606,761,669
train,images/train/frame_001181_person_07.jpg,data/person_dataset_seed123/images/train/frame_001181.jpg,7,558,638,637,720
train,images/train/frame_001181_person_08.jpg,data/person_dataset_seed123/images/train/frame_001181.jpg,8,287,595,378,685
train,images/train/frame_001181_person_09.jpg,data/person_dataset_seed123/images/train/frame_001181.jpg,9,223,580,304,665
train,images/train/frame_001181_person_10.jpg,data/person_dataset_seed123/images/train/frame_001181.jpg,10,110,543,197,611
train,images/train/frame_001181_person_11.jpg,data/person_dataset_seed123/images/train/frame_001181.jpg,11,310,70,392,205
train,images/train/frame_001181_person_12.jpg,data/person_dataset_seed123/images/train/frame_001181.jpg,12,421,0,520,79
train,images/train/frame_001181_person_13.jpg,data/person_dataset_seed123/images/train/frame_001181.jpg,13,219,30,305,124
train,images/train/frame_001181_person_14.jpg,data/person_dataset_seed123/images/train/frame_001181.jpg,14,167,65,275,147
train,images/train/frame_001181_person_15.jpg,data/person_dataset_seed123/images/train/frame_001181.jpg,15,205,145,292,250
train,images/train/frame_001181_person_16.jpg,data/person_dataset_seed123/images/train/frame_001181.jpg,16,119,86,191,147
train,images/train/frame_001181_person_17.jpg,data/person_dataset_seed123/images/train/frame_001181.jpg,17,159,154,228,237
train,images/train/frame_001181_person_18.jpg,data/person_dataset_seed123/images/train/frame_001181.jpg,18,99,171,179,231
train,images/train/frame_001194_person_00.jpg,data/person_dataset_seed123/images/train/frame_001194.jpg,0,669,48,776,188
train,images/train/frame_001194_person_01.jpg,data/person_dataset_seed123/images/train/frame_001194.jpg,1,674,319,798,401
train,images/train/frame_001194_person_02.jpg,data/person_dataset_seed123/images/train/frame_001194.jpg,2,719,435,798,504
train,images/train/frame_001194_person_03.jpg,data/person_dataset_seed123/images/train/frame_001194.jpg,3,612,430,771,555
train,images/train/frame_001194_person_04.jpg,data/person_dataset_seed123/images/train/frame_001194.jpg,4,568,475,676,590
train,images/train/frame_001194_person_05.jpg,data/person_dataset_seed123/images/train/frame_001194.jpg,5,557,639,634,720
train,images/train/frame_001194_person_06.jpg,data/person_dataset_seed123/images/train/frame_001194.jpg,6,675,597,766,665
train,images/train/frame_001194_person_07.jpg,data/person_dataset_seed123/images/train/frame_001194.jpg,7,295,599,376,687
train,images/train/frame_001194_person_08.jpg,data/person_dataset_seed123/images/train/frame_001194.jpg,8,222,581,308,669
train,images/train/frame_001194_person_09.jpg,data/person_dataset_seed123/images/train/frame_001194.jpg,9,109,543,192,620
train,images/train/frame_001194_person_10.jpg,data/person_dataset_seed123/images/train/frame_001194.jpg,10,491,0,556,169
train,images/train/frame_001194_person_11.jpg,data/person_dataset_seed123/images/train/frame_001194.jpg,11,429,0,505,85
train,images/train/frame_001194_person_12.jpg,data/person_dataset_seed123/images/train/frame_001194.jpg,12,309,62,397,207
train,images/train/frame_001194_person_13.jpg,data/person_dataset_seed123/images/train/frame_001194.jpg,13,278,12,331,131
train,images/train/frame_001194_person_14.jpg,data/person_dataset_seed123/images/train/frame_001194.jpg,14,217,28,286,121
train,images/train/frame_001194_person_15.jpg,data/person_dataset_seed123/images/train/frame_001194.jpg,15,121,81,184,143
train,images/train/frame_001194_person_16.jpg,data/person_dataset_seed123/images/train/frame_001194.jpg,16,203,150,308,217
train,images/train/frame_001194_person_17.jpg,data/person_dataset_seed123/images/train/frame_001194.jpg,17,161,149,224,233
train,images/train/frame_001194_person_18.jpg,data/person_dataset_seed123/images/train/frame_001194.jpg,18,107,175,179,232
train,images/train/frame_001196_person_00.jpg,data/person_dataset_seed123/images/train/frame_001196.jpg,0,642,39,769,185
train,images/train/frame_001196_person_01.jpg,data/person_dataset_seed123/images/train/frame_001196.jpg,1,489,0,571,178
train,images/train/frame_001196_person_02.jpg,data/person_dataset_seed123/images/train/frame_001196.jpg,2,426,0,505,76
train,images/train/frame_001196_person_03.jpg,data/person_dataset_seed123/images/train/frame_001196.jpg,3,312,69,390,205
train,images/train/frame_001196_person_04.jpg,data/person_dataset_seed123/images/train/frame_001196.jpg,4,270,14,339,141
train,images/train/frame_001196_person_05.jpg,data/person_dataset_seed123/images/train/frame_001196.jpg,5,216,29,287,127
train,images/train/frame_001196_person_06.jpg,data/person_dataset_seed123/images/train/frame_001196.jpg,6,121,77,192,148
train,images/train/frame_001196_person_07.jpg,data/person_dataset_seed123/images/train/frame_001196.jpg,7,201,145,304,219
train,images/train/frame_001196_person_08.jpg,data/person_dataset_seed123/images/train/frame_001196.jpg,8,162,153,224,233
train,images/train/frame_001196_person_09.jpg,data/person_dataset_seed123/images/train/frame_001196.jpg,9,102,172,178,234
train,images/train/frame_001196_person_10.jpg,data/person_dataset_seed123/images/train/frame_001196.jpg,10,110,542,190,618
train,images/train/frame_001196_person_11.jpg,data/person_dataset_seed123/images/train/frame_001196.jpg,11,218,578,303,670
train,images/train/frame_001196_person_12.jpg,data/person_dataset_seed123/images/train/frame_001196.jpg,12,294,604,373,683
train,images/train/frame_001196_person_13.jpg,data/person_dataset_seed123/images/train/frame_001196.jpg,13,560,637,634,720
train,images/train/frame_001196_person_14.jpg,data/person_dataset_seed123/images/train/frame_001196.jpg,14,675,600,762,666
train,images/train/frame_001196_person_15.jpg,data/person_dataset_seed123/images/train/frame_001196.jpg,15,726,430,801,505
train,images/train/frame_001196_person_16.jpg,data/person_dataset_seed123/images/train/frame_001196.jpg,16,610,431,774,551
train,images/train/frame_001196_person_17.jpg,data/person_dataset_seed123/images/train/frame_001196.jpg,17,569,475,675,598
train,images/train/frame_001196_person_18.jpg,data/person_dataset_seed123/images/train/frame_001196.jpg,18,678,323,791,401
val,images/val/frame_000009_person_00.jpg,data/person_dataset_seed123/images/val/frame_000009.jpg,0,687,158,790,231
val,images/val/frame_000009_person_01.jpg,data/person_dataset_seed123/images/val/frame_000009.jpg,1,692,299,788,403
val,images/val/frame_000009_person_02.jpg,data/person_dataset_seed123/images/val/frame_000009.jpg,2,587,286,706,409
val,images/val/frame_000009_person_03.jpg,data/person_dataset_seed123/images/val/frame_000009.jpg,3,708,460,793,551
val,images/val/frame_000009_person_04.jpg,data/person_dataset_seed123/images/val/frame_000009.jpg,4,563,476,670,607
val,images/val/frame_000009_person_05.jpg,data/person_dataset_seed123/images/val/frame_000009.jpg,5,557,639,645,703
val,images/val/frame_000009_person_06.jpg,data/person_dataset_seed123/images/val/frame_000009.jpg,6,684,598,760,658
val,images/val/frame_000009_person_07.jpg,data/person_dataset_seed123/images/val/frame_000009.jpg,7,290,596,372,669
val,images/val/frame_000009_person_08.jpg,data/person_dataset_seed123/images/val/frame_000009.jpg,8,211,577,305,634
val,images/val/frame_000009_person_09.jpg,data/person_dataset_seed123/images/val/frame_000009.jpg,9,109,545,192,615
val,images/val/frame_000009_person_10.jpg,data/person_dataset_seed123/images/val/frame_000009.jpg,10,73,406,153,457
val,images/val/frame_000009_person_11.jpg,data/person_dataset_seed123/images/val/frame_000009.jpg,11,520,0,619,102
val,images/val/frame_000009_person_12.jpg,data/person_dataset_seed123/images/val/frame_000009.jpg,12,421,0,523,80
val,images/val/frame_000009_person_13.jpg,data/person_dataset_seed123/images/val/frame_000009.jpg,13,336,33,430,96
val,images/val/frame_000009_person_14.jpg,data/person_dataset_seed123/images/val/frame_000009.jpg,14,197,57,279,125
val,images/val/frame_000009_person_15.jpg,data/person_dataset_seed123/images/val/frame_000009.jpg,15,147,77,211,143
val,images/val/frame_000009_person_16.jpg,data/person_dataset_seed123/images/val/frame_000009.jpg,16,215,150,309,241
val,images/val/frame_000009_person_17.jpg,data/person_dataset_seed123/images/val/frame_000009.jpg,17,169,131,235,226
val,images/val/frame_000009_person_18.jpg,data/person_dataset_seed123/images/val/frame_000009.jpg,18,105,183,181,231
val,images/val/frame_000016_person_00.jpg,data/person_dataset_seed123/images/val/frame_000016.jpg,0,519,0,616,100
val,images/val/frame_000016_person_01.jpg,data/person_dataset_seed123/images/val/frame_000016.jpg,1,687,159,787,229
val,images/val/frame_000016_person_02.jpg,data/person_dataset_seed123/images/val/frame_000016.jpg,2,688,297,791,401
val,images/val/frame_000016_person_03.jpg,data/person_dataset_seed123/images/val/frame_000016.jpg,3,587,286,705,405
val,images/val/frame_000016_person_04.jpg,data/person_dataset_seed123/images/val/frame_000016.jpg,4,702,457,796,552
val,images/val/frame_000016_person_05.jpg,data/person_dataset_seed123/images/val/frame_000016.jpg,5,678,594,761,658
val,images/val/frame_000016_person_06.jpg,data/person_dataset_seed123/images/val/frame_000016.jpg,6,565,476,671,606
val,images/val/frame_000016_person_07.jpg,data/person_dataset_seed123/images/val/frame_000016.jpg,7,559,639,644,700
val,images/val/frame_000016_person_08.jpg,data/person_dataset_seed123/images/val/frame_000016.jpg,8,423,0,505,84
val,images/val/frame_000016_person_09.jpg,data/person_dataset_seed123/images/val/frame_000016.jpg,9,333,35,428,98
val,images/val/frame_000016_person_10.jpg,data/person_dataset_seed123/images/val/frame_000016.jpg,10,197,57,277,130
val,images/val/frame_000016_person_11.jpg,data/person_dataset_seed123/images/val/frame_000016.jpg,11,145,76,207,143
val,images/val/frame_000016_person_12.jpg,data/person_dataset_seed123/images/val/frame_000016.jpg,12,213,149,314,225
val,images/val/frame_000016_person_13.jpg,data/person_dataset_seed123/images/val/frame_000016.jpg,13,165,126,227,228
val,images/val/frame_000016_person_14.jpg,data/person_dataset_seed123/images/val/frame_000016.jpg,14,103,190,172,231
val,images/val/frame_000016_person_15.jpg,data/person_dataset_seed123/images/val/frame_000016.jpg,15,69,388,155,462
val,images/val/frame_000016_person_16.jpg,data/person_dataset_seed123/images/val/frame_000016.jpg,16,108,545,182,617
val,images/val/frame_000016_person_17.jpg,data/person_dataset_seed123/images/val/frame_000016.jpg,17,213,578,301,636
val,images/val/frame_000016_person_18.jpg,data/person_dataset_seed123/images/val/frame_000016.jpg,18,291,604,371,671
val,images/val/frame_000019_person_00.jpg,data/person_dataset_seed123/images/val/frame_000019.jpg,0,688,153,788,222
val,images/val/frame_000019_person_01.jpg,data/person_dataset_seed123/images/val/frame_000019.jpg,1,689,297,789,402
val,images/val/frame_000019_person_02.jpg,data/person_dataset_seed123/images/val/frame_000019.jpg,2,589,284,708,406
val,images/val/frame_000019_person_03.jpg,data/person_dataset_seed123/images/val/frame_000019.jpg,3,523,0,616,100
val,images/val/frame_000019_person_04.jpg,data/person_dataset_seed123/images/val/frame_000019.jpg,4,422,0,523,80
val,images/val/frame_000019_person_05.jpg,data/person_dataset_seed123/images/val/frame_000019.jpg,5,334,33,436,95
val,images/val/frame_000019_person_06.jpg,data/person_dataset_seed123/images/val/frame_000019.jpg,6,188,56,288,126
val,images/val/frame_000019_person_07.jpg,data/person_dataset_seed123/images/val/frame_000019.jpg,7,144,78,203,143
val,images/val/frame_000019_person_08.jpg,data/person_dataset_seed123/images/val/frame_000019.jpg,8,210,143,324,222
val,images/val/frame_000019_person_09.jpg,data/person_dataset_seed123/images/val/frame_000019.jpg,9,166,124,230,223
val,images/val/frame_000019_person_10.jpg,data/person_dataset_seed123/images/val/frame_000019.jpg,10,98,179,181,242
val,images/val/frame_000019_person_11.jpg,data/person_dataset_seed123/images/val/frame_000019.jpg,11,67,133,143,190
val,images/val/frame_000019_person_12.jpg,data/person_dataset_seed123/images/val/frame_000019.jpg,12,72,400,153,458
val,images/val/frame_000019_person_13.jpg,data/person_dataset_seed123/images/val/frame_000019.jpg,13,109,542,193,616
val,images/val/frame_000019_person_14.jpg,data/person_dataset_seed123/images/val/frame_000019.jpg,14,210,577,297,632
val,images/val/frame_000019_person_15.jpg,data/person_dataset_seed123/images/val/frame_000019.jpg,15,295,602,373,672
val,images/val/frame_000019_person_16.jpg,data/person_dataset_seed123/images/val/frame_000019.jpg,16,563,475,672,606
val,images/val/frame_000019_person_17.jpg,data/person_dataset_seed123/images/val/frame_000019.jpg,17,702,456,796,554
val,images/val/frame_000019_person_18.jpg,data/person_dataset_seed123/images/val/frame_000019.jpg,18,672,601,761,660
val,images/val/frame_000019_person_19.jpg,data/person_dataset_seed123/images/val/frame_000019.jpg,19,556,634,652,704
val,images/val/frame_000032_person_00.jpg,data/person_dataset_seed123/images/val/frame_000032.jpg,0,521,2,615,102
val,images/val/frame_000032_person_01.jpg,data/person_dataset_seed123/images/val/frame_000032.jpg,1,692,115,794,211
val,images/val/frame_000032_person_02.jpg,data/person_dataset_seed123/images/val/frame_000032.jpg,2,684,301,790,406
val,images/val/frame_000032_person_03.jpg,data/person_dataset_seed123/images/val/frame_000032.jpg,3,585,288,706,409
val,images/val/frame_000032_person_04.jpg,data/person_dataset_seed123/images/val/frame_000032.jpg,4,702,459,794,551
val,images/val/frame_000032_person_05.jpg,data/person_dataset_seed123/images/val/frame_000032.jpg,5,565,476,671,608
val,images/val/frame_000032_person_06.jpg,data/person_dataset_seed123/images/val/frame_000032.jpg,6,557,637,646,704
val,images/val/frame_000032_person_07.jpg,data/person_dataset_seed123/images/val/frame_000032.jpg,7,678,609,761,659
val,images/val/frame_000032_person_08.jpg,data/person_dataset_seed123/images/val/frame_000032.jpg,8,293,604,374,670
val,images/val/frame_000032_person_09.jpg,data/person_dataset_seed123/images/val/frame_000032.jpg,9,209,578,301,636
val,images/val/frame_000032_person_10.jpg,data/person_dataset_seed123/images/val/frame_000032.jpg,10,72,404,149,456
val,images/val/frame_000032_person_11.jpg,data/person_dataset_seed123/images/val/frame_000032.jpg,11,108,542,193,616
val,images/val/frame_000032_person_12.jpg,data/person_dataset_seed123/images/val/frame_000032.jpg,12,421,0,523,87
val,images/val/frame_000032_person_13.jpg,data/person_dataset_seed123/images/val/frame_000032.jpg,13,332,35,432,96
val,images/val/frame_000032_person_14.jpg,data/person_dataset_seed123/images/val/frame_000032.jpg,14,222,132,323,222
val,images/val/frame_000032_person_15.jpg,data/person_dataset_seed123/images/val/frame_000032.jpg,15,191,61,284,127
val,images/val/frame_000032_person_16.jpg,data/person_dataset_seed123/images/val/frame_000032.jpg,16,140,82,226,150
val,images/val/frame_000032_person_17.jpg,data/person_dataset_seed123/images/val/frame_000032.jpg,17,161,140,234,222
val,images/val/frame_000032_person_18.jpg,data/person_dataset_seed123/images/val/frame_000032.jpg,18,97,180,184,236
val,images/val/frame_000034_person_00.jpg,data/person_dataset_seed123/images/val/frame_000034.jpg,0,690,109,796,212
val,images/val/frame_000034_person_01.jpg,data/person_dataset_seed123/images/val/frame_000034.jpg,1,690,296,790,406
val,images/val/frame_000034_person_02.jpg,data/person_dataset_seed123/images/val/frame_000034.jpg,2,582,291,703,407
val,images/val/frame_000034_person_03.jpg,data/person_dataset_seed123/images/val/frame_000034.jpg,3,705,455,793,553
val,images/val/frame_000034_person_04.jpg,data/person_dataset_seed123/images/val/frame_000034.jpg,4,679,593,759,659
val,images/val/frame_000034_person_05.jpg,data/person_dataset_seed123/images/val/frame_000034.jpg,5,561,474,668,610
val,images/val/frame_000034_person_06.jpg,data/person_dataset_seed123/images/val/frame_000034.jpg,6,560,635,645,700
val,images/val/frame_000034_person_07.jpg,data/person_dataset_seed123/images/val/frame_000034.jpg,7,290,602,377,671
val,images/val/frame_000034_person_08.jpg,data/person_dataset_seed123/images/val/frame_000034.jpg,8,208,577,294,639
val,images/val/frame_000034_person_09.jpg,data/person_dataset_seed123/images/val/frame_000034.jpg,9,108,546,193,619
val,images/val/frame_000034_person_10.jpg,data/person_dataset_seed123/images/val/frame_000034.jpg,10,73,401,149,455
val,images/val/frame_000034_person_11.jpg,data/person_dataset_seed123/images/val/frame_000034.jpg,11,97,182,178,235
val,images/val/frame_000034_person_12.jpg,data/person_dataset_seed123/images/val/frame_000034.jpg,12,150,145,234,224
val,images/val/frame_000034_person_13.jpg,data/person_dataset_seed123/images/val/frame_000034.jpg,13,221,132,322,218
val,images/val/frame_000034_person_14.jpg,data/person_dataset_seed123/images/val/frame_000034.jpg,14,150,81,239,167
val,images/val/frame_000034_person_15.jpg,data/person_dataset_seed123/images/val/frame_000034.jpg,15,193,60,286,132
val,images/val/frame_000034_person_16.jpg,data/person_dataset_seed123/images/val/frame_000034.jpg,16,331,35,431,95
val,images/val/frame_000034_person_17.jpg,data/person_dataset_seed123/images/val/frame_000034.jpg,17,423,0,522,88
val,images/val/frame_000034_person_18.jpg,data/person_dataset_seed123/images/val/frame_000034.jpg,18,517,3,619,102
val,images/val/frame_000046_person_00.jpg,data/person_dataset_seed123/images/val/frame_000046.jpg,0,520,0,617,105
val,images/val/frame_000046_person_01.jpg,data/person_dataset_seed123/images/val/frame_000046.jpg,1,421,0,524,79
val,images/val/frame_000046_person_02.jpg,data/person_dataset_seed123/images/val/frame_000046.jpg,2,333,30,432,97
val,images/val/frame_000046_person_03.jpg,data/person_dataset_seed123/images/val/frame_000046.jpg,3,215,55,333,151
val,images/val/frame_000046_person_04.jpg,data/person_dataset_seed123/images/val/frame_000046.jpg,4,198,56,231,107
val,images/val/frame_000046_person_05.jpg,data/person_dataset_seed123/images/val/frame_000046.jpg,5,198,141,315,224
val,images/val/frame_000046_person_06.jpg,data/person_dataset_seed123/images/val/frame_000046.jpg,6,150,143,215,220
val,images/val/frame_000046_person_07.jpg,data/person_dataset_seed123/images/val/frame_000046.jpg,7,101,181,172,239
val,images/val/frame_000046_person_08.jpg,data/person_dataset_seed123/images/val/frame_000046.jpg,8,132,78,212,155
val,images/val/frame_000046_person_09.jpg,data/person_dataset_seed123/images/val/frame_000046.jpg,9,71,400,140,457
val,images/val/frame_000046_person_10.jpg,data/person_dataset_seed123/images/val/frame_000046.jpg,10,108,540,182,619
val,images/val/frame_000046_person_11.jpg,data/person_dataset_seed123/images/val/frame_000046.jpg,11,209,575,291,637
val,images/val/frame_000046_person_12.jpg,data/person_dataset_seed123/images/val/frame_000046.jpg,12,290,601,383,685
val,images/val/frame_000046_person_13.jpg,data/person_dataset_seed123/images/val/frame_000046.jpg,13,690,113,772,223
val,images/val/frame_000046_person_14.jpg,data/person_dataset_seed123/images/val/frame_000046.jpg,14,685,295,792,400
val,images/val/frame_000046_person_15.jpg,data/person_dataset_seed123/images/val/frame_000046.jpg,15,583,289,705,403
val,images/val/frame_000046_person_16.jpg,data/person_dataset_seed123/images/val/frame_000046.jpg,16,559,475,671,603
val,images/val/frame_000046_person_17.jpg,data/person_dataset_seed123/images/val/frame_000046.jpg,17,705,456,795,554
val,images/val/frame_000046_person_18.jpg,data/person_dataset_seed123/images/val/frame_000046.jpg,18,669,595,764,659
val,images/val/frame_000046_person_19.jpg,data/person_dataset_seed123/images/val/frame_000046.jpg,19,555,632,650,704
val,images/val/frame_000053_person_00.jpg,data/person_dataset_seed123/images/val/frame_000053.jpg,0,695,114,786,217
val,images/val/frame_000053_person_01.jpg,data/person_dataset_seed123/images/val/frame_000053.jpg,1,520,0,614,106
val,images/val/frame_000053_person_02.jpg,data/person_dataset_seed123/images/val/frame_000053.jpg,2,422,0,523,86
val,images/val/frame_000053_person_03.jpg,data/person_dataset_seed123/images/val/frame_000053.jpg,3,337,30,431,95
val,images/val/frame_000053_person_04.jpg,data/person_dataset_seed123/images/val/frame_000053.jpg,4,225,65,344,160
val,images/val/frame_000053_person_05.jpg,data/person_dataset_seed123/images/val/frame_000053.jpg,5,198,136,300,225
val,images/val/frame_000053_person_06.jpg,data/person_dataset_seed123/images/val/frame_000053.jpg,6,147,143,220,216
val,images/val/frame_000053_person_07.jpg,data/person_dataset_seed123/images/val/frame_000053.jpg,7,103,172,175,238
val,images/val/frame_000053_person_08.jpg,data/person_dataset_seed123/images/val/frame_000053.jpg,8,129,79,205,148
val,images/val/frame_000053_person_09.jpg,data/person_dataset_seed123/images/val/frame_000053.jpg,9,219,50,244,121
val,images/val/frame_000053_person_10.jpg,data/person_dataset_seed123/images/val/frame_000053.jpg,10,74,403,141,454
val,images/val/frame_000053_person_11.jpg,data/person_dataset_seed123/images/val/frame_000053.jpg,11,109,542,184,617
val,images/val/frame_000053_person_12.jpg,data/person_dataset_seed123/images/val/frame_000053.jpg,12,208,576,302,635
val,images/val/frame_000053_person_13.jpg,data/person_dataset_seed123/images/val/frame_000053.jpg,13,292,601,385,678
val,images/val/frame_000053_person_14.jpg,data/person_dataset_seed123/images/val/frame_000053.jpg,14,581,282,712,406
val,images/val/frame_000053_person_15.jpg,data/person_dataset_seed123/images/val/frame_000053.jpg,15,692,298,793,395
val,images/val/frame_000053_person_16.jpg,data/person_dataset_seed123/images/val/frame_000053.jpg,16,704,459,796,551
val,images/val/frame_000053_person_17.jpg,data/person_dataset_seed123/images/val/frame_000053.jpg,17,561,475,673,600
val,images/val/frame_000053_person_18.jpg,data/person_dataset_seed123/images/val/frame_000053.jpg,18,676,606,759,660
val,images/val/frame_000053_person_19.jpg,data/person_dataset_seed123/images/val/frame_000053.jpg,19,558,637,646,706
val,images/val/frame_000064_person_00.jpg,data/person_dataset_seed123/images/val/frame_000064.jpg,0,77,400,140,458
val,images/val/frame_000064_person_01.jpg,data/person_dataset_seed123/images/val/frame_000064.jpg,1,109,544,185,614
val,images/val/frame_000064_person_02.jpg,data/person_dataset_seed123/images/val/frame_000064.jpg,2,212,576,302,638
val,images/val/frame_000064_person_03.jpg,data/person_dataset_seed123/images/val/frame_000064.jpg,3,288,595,383,680
val,images/val/frame_000064_person_04.jpg,data/person_dataset_seed123/images/val/frame_000064.jpg,4,101,175,187,234
val,images/val/frame_000064_person_05.jpg,data/person_dataset_seed123/images/val/frame_000064.jpg,5,151,142,224,221
val,images/val/frame_000064_person_06.jpg,data/person_dataset_seed123/images/val/frame_000064.jpg,6,210,123,286,227
val,images/val/frame_000064_person_07.jpg,data/person_dataset_seed123/images/val/frame_000064.jpg,7,236,121,369,200
val,images/val/frame_000064_person_08.jpg,data/person_dataset_seed123/images/val/frame_000064.jpg,8,226,33,310,125
val,images/val/frame_000064_person_09.jpg,data/person_dataset_seed123/images/val/frame_000064.jpg,9,355,29,420,100
val,images/val/frame_000064_person_10.jpg,data/person_dataset_seed123/images/val/frame_000064.jpg,10,120,80,193,144
val,images/val/frame_000064_person_11.jpg,data/person_dataset_seed123/images/val/frame_000064.jpg,11,419,0,523,81
val,images/val/frame_000064_person_12.jpg,data/person_dataset_seed123/images/val/frame_000064.jpg,12,522,5,623,100
val,images/val/frame_000064_person_13.jpg,data/person_dataset_seed123/images/val/frame_000064.jpg,13,696,112,784,218
val,images/val/frame_000064_person_14.jpg,data/person_dataset_seed123/images/val/frame_000064.jpg,14,687,294,791,402
val,images/val/frame_000064_person_15.jpg,data/person_dataset_seed123/images/val/frame_000064.jpg,15,582,284,705,403
val,images/val/frame_000064_person_16.jpg,data/person_dataset_seed123/images/val/frame_000064.jpg,16,703,460,795,551
val,images/val/frame_000064_person_17.jpg,data/person_dataset_seed123/images/val/frame_000064.jpg,17,560,478,672,604
val,images/val/frame_000064_person_18.jpg,data/person_dataset_seed123/images/val/frame_000064.jpg,18,556,632,649,706
val,images/val/frame_000064_person_19.jpg,data/person_dataset_seed123/images/val/frame_000064.jpg,19,675,601,758,662
val,images/val/frame_001076_person_00.jpg,data/person_dataset_seed123/images/val/frame_001076.jpg,0,502,246,639,401
val,images/val/frame_001076_person_01.jpg,data/person_dataset_seed123/images/val/frame_001076.jpg,1,678,299,793,404
val,images/val/frame_001076_person_02.jpg,data/person_dataset_seed123/images/val/frame_001076.jpg,2,687,120,775,219
val,images/val/frame_001076_person_03.jpg,data/person_dataset_seed123/images/val/frame_001076.jpg,3,539,454,675,603
val,images/val/frame_001076_person_04.jpg,data/person_dataset_seed123/images/val/frame_001076.jpg,4,702,457,799,543
val,images/val/frame_001076_person_05.jpg,data/person_dataset_seed123/images/val/frame_001076.jpg,5,679,597,758,669
val,images/val/frame_001076_person_06.jpg,data/person_dataset_seed123/images/val/frame_001076.jpg,6,556,641,633,720
val,images/val/frame_001076_person_07.jpg,data/person_dataset_seed123/images/val/frame_001076.jpg,7,291,606,372,685
val,images/val/frame_001076_person_08.jpg,data/person_dataset_seed123/images/val/frame_001076.jpg,8,218,580,306,668
val,images/val/frame_001076_person_09.jpg,data/person_dataset_seed123/images/val/frame_001076.jpg,9,109,541,196,619
val,images/val/frame_001076_person_10.jpg,data/person_dataset_seed123/images/val/frame_001076.jpg,10,315,67,393,203
val,images/val/frame_001076_person_11.jpg,data/person_dataset_seed123/images/val/frame_001076.jpg,11,416,0,523,83
val,images/val/frame_001076_person_12.jpg,data/person_dataset_seed123/images/val/frame_001076.jpg,12,216,29,305,121
val,images/val/frame_001076_person_13.jpg,data/person_dataset_seed123/images/val/frame_001076.jpg,13,120,82,191,150
val,images/val/frame_001076_person_14.jpg,data/person_dataset_seed123/images/val/frame_001076.jpg,14,195,150,312,225
val,images/val/frame_001076_person_15.jpg,data/person_dataset_seed123/images/val/frame_001076.jpg,15,154,149,222,233
val,images/val/frame_001076_person_16.jpg,data/person_dataset_seed123/images/val/frame_001076.jpg,16,106,182,173,237
val,images/val/frame_001088_person_00.jpg,data/person_dataset_seed123/images/val/frame_001088.jpg,0,525,32,684,214
val,images/val/frame_001088_person_01.jpg,data/person_dataset_seed123/images/val/frame_001088.jpg,1,683,154,793,247
val,images/val/frame_001088_person_02.jpg,data/person_dataset_seed123/images/val/frame_001088.jpg,2,679,296,794,400
val,images/val/frame_001088_person_03.jpg,data/person_dataset_seed123/images/val/frame_001088.jpg,3,703,455,806,542
val,images/val/frame_001088_person_04.jpg,data/person_dataset_seed123/images/val/frame_001088.jpg,4,531,457,681,595
val,images/val/frame_001088_person_05.jpg,data/person_dataset_seed123/images/val/frame_001088.jpg,5,553,638,634,720
val,images/val/frame_001088_person_06.jpg,data/person_dataset_seed123/images/val/frame_001088.jpg,6,667,595,758,665
val,images/val/frame_001088_person_07.jpg,data/person_dataset_seed123/images/val/frame_001088.jpg,7,413,0,524,85
val,images/val/frame_001088_person_08.jpg,data/person_dataset_seed123/images/val/frame_001088.jpg,8,313,63,393,203
val,images/val/frame_001088_person_09.jpg,data/person_dataset_seed123/images/val/frame_001088.jpg,9,216,30,305,122
val,images/val/frame_001088_person_10.jpg,data/person_dataset_seed123/images/val/frame_001088.jpg,10,121,84,198,143
val,images/val/frame_001088_person_11.jpg,data/person_dataset_seed123/images/val/frame_001088.jpg,11,199,150,303,221
val,images/val/frame_001088_person_12.jpg,data/person_dataset_seed123/images/val/frame_001088.jpg,12,145,156,220,229
val,images/val/frame_001088_person_13.jpg,data/person_dataset_seed123/images/val/frame_001088.jpg,13,102,179,171,237
val,images/val/frame_001088_person_14.jpg,data/person_dataset_seed123/images/val/frame_001088.jpg,14,110,545,187,618
val,images/val/frame_001088_person_15.jpg,data/person_dataset_seed123/images/val/frame_001088.jpg,15,221,576,308,671
val,images/val/frame_001088_person_16.jpg,data/person_dataset_seed123/images/val/frame_001088.jpg,16,296,601,377,683
val,images/val/frame_001094_person_00.jpg,data/person_dataset_seed123/images/val/frame_001094.jpg,0,623,20,722,175
val,images/val/frame_001094_person_01.jpg,data/person_dataset_seed123/images/val/frame_001094.jpg,1,684,152,792,224
val,images/val/frame_001094_person_02.jpg,data/person_dataset_seed123/images/val/frame_001094.jpg,2,676,302,791,405
val,images/val/frame_001094_person_03.jpg,data/person_dataset_seed123/images/val/frame_001094.jpg,3,703,458,804,545
val,images/val/frame_001094_person_04.jpg,data/person_dataset_seed123/images/val/frame_001094.jpg,4,534,458,683,600
val,images/val/frame_001094_person_05.jpg,data/person_dataset_seed123/images/val/frame_001094.jpg,5,674,615,759,664
val,images/val/frame_001094_person_06.jpg,data/person_dataset_seed123/images/val/frame_001094.jpg,6,557,640,634,720
val,images/val/frame_001094_person_07.jpg,data/person_dataset_seed123/images/val/frame_001094.jpg,7,292,600,376,687
val,images/val/frame_001094_person_08.jpg,data/person_dataset_seed123/images/val/frame_001094.jpg,8,216,579,305,666
val,images/val/frame_001094_person_09.jpg,data/person_dataset_seed123/images/val/frame_001094.jpg,9,109,542,199,617
val,images/val/frame_001094_person_10.jpg,data/person_dataset_seed123/images/val/frame_001094.jpg,10,313,63,395,210
val,images/val/frame_001094_person_11.jpg,data/person_dataset_seed123/images/val/frame_001094.jpg,11,415,0,524,85
val,images/val/frame_001094_person_12.jpg,data/person_dataset_seed123/images/val/frame_001094.jpg,12,215,29,306,123
val,images/val/frame_001094_person_13.jpg,data/person_dataset_seed123/images/val/frame_001094.jpg,13,122,85,194,146
val,images/val/frame_001094_person_14.jpg,data/person_dataset_seed123/images/val/frame_001094.jpg,14,201,148,296,250
val,images/val/frame_001094_person_15.jpg,data/person_dataset_seed123/images/val/frame_001094.jpg,15,147,148,222,230
val,images/val/frame_001094_person_16.jpg,data/person_dataset_seed123/images/val/frame_001094.jpg,16,105,178,165,238
val,images/val/frame_001103_person_00.jpg,data/person_dataset_seed123/images/val/frame_001103.jpg,0,107,545,191,617
val,images/val/frame_001103_person_01.jpg,data/person_dataset_seed123/images/val/frame_001103.jpg,1,219,580,305,671
val,images/val/frame_001103_person_02.jpg,data/person_dataset_seed123/images/val/frame_001103.jpg,2,295,604,375,687
val,images/val/frame_001103_person_03.jpg,data/person_dataset_seed123/images/val/frame_001103.jpg,3,557,639,633,720
val,images/val/frame_001103_person_04.jpg,data/person_dataset_seed123/images/val/frame_001103.jpg,4,675,608,760,662
val,images/val/frame_001103_person_05.jpg,data/person_dataset_seed123/images/val/frame_001103.jpg,5,534,458,700,598
val,images/val/frame_001103_person_06.jpg,data/person_dataset_seed123/images/val/frame_001103.jpg,6,708,455,803,531
val,images/val/frame_001103_person_07.jpg,data/person_dataset_seed123/images/val/frame_001103.jpg,7,682,297,795,402
val,images/val/frame_001103_person_08.jpg,data/person_dataset_seed123/images/val/frame_001103.jpg,8,689,121,786,217
val,images/val/frame_001103_person_09.jpg,data/person_dataset_seed123/images/val/frame_001103.jpg,9,616,13,732,177
val,images/val/frame_001103_person_10.jpg,data/person_dataset_seed123/images/val/frame_001103.jpg,10,413,0,524,80
val,images/val/frame_001103_person_11.jpg,data/person_dataset_seed123/images/val/frame_001103.jpg,11,313,61,391,202
val,images/val/frame_001103_person_12.jpg,data/person_dataset_seed123/images/val/frame_001103.jpg,12,216,29,304,125
val,images/val/frame_001103_person_13.jpg,data/person_dataset_seed123/images/val/frame_001103.jpg,13,200,144,306,253
val,images/val/frame_001103_person_14.jpg,data/person_dataset_seed123/images/val/frame_001103.jpg,14,158,148,224,230
val,images/val/frame_001103_person_15.jpg,data/person_dataset_seed123/images/val/frame_001103.jpg,15,122,85,194,145
val,images/val/frame_001103_person_16.jpg,data/person_dataset_seed123/images/val/frame_001103.jpg,16,105,177,175,236
val,images/val/frame_001106_person_00.jpg,data/person_dataset_seed123/images/val/frame_001106.jpg,0,313,63,396,203
val,images/val/frame_001106_person_01.jpg,data/person_dataset_seed123/images/val/frame_001106.jpg,1,411,0,520,84
val,images/val/frame_001106_person_02.jpg,data/person_dataset_seed123/images/val/frame_001106.jpg,2,595,29,733,173
val,images/val/frame_001106_person_03.jpg,data/person_dataset_seed123/images/val/frame_001106.jpg,3,683,128,799,219
val,images/val/frame_001106_person_04.jpg,data/person_dataset_seed123/images/val/frame_001106.jpg,4,205,144,297,254
val,images/val/frame_001106_person_05.jpg,data/person_dataset_seed123/images/val/frame_001106.jpg,5,216,30,306,122
val,images/val/frame_001106_person_06.jpg,data/person_dataset_seed123/images/val/frame_001106.jpg,6,118,83,196,148
val,images/val/frame_001106_person_07.jpg,data/person_dataset_seed123/images/val/frame_001106.jpg,7,158,151,225,232
val,images/val/frame_001106_person_08.jpg,data/person_dataset_seed123/images/val/frame_001106.jpg,8,109,182,172,239
val,images/val/frame_001106_person_09.jpg,data/person_dataset_seed123/images/val/frame_001106.jpg,9,109,543,182,618
val,images/val/frame_001106_person_10.jpg,data/person_dataset_seed123/images/val/frame_001106.jpg,10,218,579,305,667
val,images/val/frame_001106_person_11.jpg,data/person_dataset_seed123/images/val/frame_001106.jpg,11,295,600,373,684
val,images/val/frame_001106_person_12.jpg,data/person_dataset_seed123/images/val/frame_001106.jpg,12,555,638,633,720
val,images/val/frame_001106_person_13.jpg,data/person_dataset_seed123/images/val/frame_001106.jpg,13,533,457,690,590
val,images/val/frame_001106_person_14.jpg,data/person_dataset_seed123/images/val/frame_001106.jpg,14,704,451,803,542
val,images/val/frame_001106_person_15.jpg,data/person_dataset_seed123/images/val/frame_001106.jpg,15,677,597,760,665
val,images/val/frame_001106_person_16.jpg,data/person_dataset_seed123/images/val/frame_001106.jpg,16,673,298,794,399
val,images/val/frame_001119_person_00.jpg,data/person_dataset_seed123/images/val/frame_001119.jpg,0,491,95,616,313
val,images/val/frame_001119_person_01.jpg,data/person_dataset_seed123/images/val/frame_001119.jpg,1,681,153,797,225
val,images/val/frame_001119_person_02.jpg,data/person_dataset_seed123/images/val/frame_001119.jpg,2,423,0,521,83
val,images/val/frame_001119_person_03.jpg,data/person_dataset_seed123/images/val/frame_001119.jpg,3,307,100,388,200
val,images/val/frame_001119_person_04.jpg,data/person_dataset_seed123/images/val/frame_001119.jpg,4,216,30,305,122
val,images/val/frame_001119_person_05.jpg,data/person_dataset_seed123/images/val/frame_001119.jpg,5,121,82,189,147
val,images/val/frame_001119_person_06.jpg,data/person_dataset_seed123/images/val/frame_001119.jpg,6,207,142,297,252
val,images/val/frame_001119_person_07.jpg,data/person_dataset_seed123/images/val/frame_001119.jpg,7,154,153,224,227
val,images/val/frame_001119_person_08.jpg,data/person_dataset_seed123/images/val/frame_001119.jpg,8,109,182,175,240
val,images/val/frame_001119_person_09.jpg,data/person_dataset_seed123/images/val/frame_001119.jpg,9,108,545,193,613
val,images/val/frame_001119_person_10.jpg,data/person_dataset_seed123/images/val/frame_001119.jpg,10,219,581,304,668
val,images/val/frame_001119_person_11.jpg,data/person_dataset_seed123/images/val/frame_001119.jpg,11,290,605,375,683
val,images/val/frame_001119_person_12.jpg,data/person_dataset_seed123/images/val/frame_001119.jpg,12,533,457,707,605
val,images/val/frame_001119_person_13.jpg,data/person_dataset_seed123/images/val/frame_001119.jpg,13,705,448,799,525
val,images/val/frame_001119_person_14.jpg,data/person_dataset_seed123/images/val/frame_001119.jpg,14,677,300,793,402
val,images/val/frame_001119_person_15.jpg,data/person_dataset_seed123/images/val/frame_001119.jpg,15,671,600,759,668
val,images/val/frame_001119_person_16.jpg,data/person_dataset_seed123/images/val/frame_001119.jpg,16,557,642,635,720
val,images/val/frame_001123_person_00.jpg,data/person_dataset_seed123/images/val/frame_001123.jpg,0,416,0,521,88
val,images/val/frame_001123_person_01.jpg,data/person_dataset_seed123/images/val/frame_001123.jpg,1,684,138,827,227
val,images/val/frame_001123_person_02.jpg,data/person_dataset_seed123/images/val/frame_001123.jpg,2,675,299,792,398
val,images/val/frame_001123_person_03.jpg,data/person_dataset_seed123/images/val/frame_001123.jpg,3,498,196,640,335
val,images/val/frame_001123_person_04.jpg,data/person_dataset_seed123/images/val/frame_001123.jpg,4,535,459,684,594
val,images/val/frame_001123_person_05.jpg,data/person_dataset_seed123/images/val/frame_001123.jpg,5,702,444,801,532
val,images/val/frame_001123_person_06.jpg,data/person_dataset_seed123/images/val/frame_001123.jpg,6,671,607,760,666
val,images/val/frame_001123_person_07.jpg,data/person_dataset_seed123/images/val/frame_001123.jpg,7,555,637,633,720
val,images/val/frame_001123_person_08.jpg,data/person_dataset_seed123/images/val/frame_001123.jpg,8,295,601,375,683
val,images/val/frame_001123_person_09.jpg,data/person_dataset_seed123/images/val/frame_001123.jpg,9,218,578,305,667
val,images/val/frame_001123_person_10.jpg,data/person_dataset_seed123/images/val/frame_001123.jpg,10,109,542,196,619
val,images/val/frame_001123_person_11.jpg,data/person_dataset_seed123/images/val/frame_001123.jpg,11,301,95,386,204
val,images/val/frame_001123_person_12.jpg,data/person_dataset_seed123/images/val/frame_001123.jpg,12,216,30,304,125
val,images/val/frame_001123_person_13.jpg,data/person_dataset_seed123/images/val/frame_001123.jpg,13,120,84,199,139
val,images/val/frame_001123_person_14.jpg,data/person_dataset_seed123/images/val/frame_001123.jpg,14,201,154,312,222
val,images/val/frame_001123_person_15.jpg,data/person_dataset_seed123/images/val/frame_001123.jpg,15,157,150,221,230
val,images/val/frame_001123_person_16.jpg,data/person_dataset_seed123/images/val/frame_001123.jpg,16,104,179,174,235
val,images/val/frame_001135_person_00.jpg,data/person_dataset_seed123/images/val/frame_001135.jpg,0,411,0,523,81
val,images/val/frame_001135_person_01.jpg,data/person_dataset_seed123/images/val/frame_001135.jpg,1,691,109,792,217
val,images/val/frame_001135_person_02.jpg,data/person_dataset_seed123/images/val/frame_001135.jpg,2,678,299,795,399
val,images/val/frame_001135_person_03.jpg,data/person_dataset_seed123/images/val/frame_001135.jpg,3,704,440,797,541
val,images/val/frame_001135_person_04.jpg,data/person_dataset_seed123/images/val/frame_001135.jpg,4,532,457,703,590
val,images/val/frame_001135_person_05.jpg,data/person_dataset_seed123/images/val/frame_001135.jpg,5,559,641,635,720
val,images/val/frame_001135_person_06.jpg,data/person_dataset_seed123/images/val/frame_001135.jpg,6,671,601,757,666
val,images/val/frame_001135_person_07.jpg,data/person_dataset_seed123/images/val/frame_001135.jpg,7,453,481,564,691
val,images/val/frame_001135_person_08.jpg,data/person_dataset_seed123/images/val/frame_001135.jpg,8,289,606,376,685
val,images/val/frame_001135_person_09.jpg,data/person_dataset_seed123/images/val/frame_001135.jpg,9,223,580,302,668
val,images/val/frame_001135_person_10.jpg,data/person_dataset_seed123/images/val/frame_001135.jpg,10,107,542,190,620
val,images/val/frame_001135_person_11.jpg,data/person_dataset_seed123/images/val/frame_001135.jpg,11,287,86,384,205
val,images/val/frame_001135_person_12.jpg,data/person_dataset_seed123/images/val/frame_001135.jpg,12,216,32,304,117
val,images/val/frame_001135_person_13.jpg,data/person_dataset_seed123/images/val/frame_001135.jpg,13,195,145,296,250
val,images/val/frame_001135_person_14.jpg,data/person_dataset_seed123/images/val/frame_001135.jpg,14,151,150,220,233
val,images/val/frame_001135_person_15.jpg,data/person_dataset_seed123/images/val/frame_001135.jpg,15,104,183,154,231
val,images/val/frame_001135_person_16.jpg,data/person_dataset_seed123/images/val/frame_001135.jpg,16,118,83,198,151
val,images/val/frame_001210_person_00.jpg,data/person_dataset_seed123/images/val/frame_001210.jpg,0,421,0,505,81
val,images/val/frame_001210_person_01.jpg,data/person_dataset_seed123/images/val/frame_001210.jpg,1,475,0,565,206
val,images/val/frame_001210_person_02.jpg,data/person_dataset_seed123/images/val/frame_001210.jpg,2,491,167,623,366
val,images/val/frame_001210_person_03.jpg,data/person_dataset_seed123/images/val/frame_001210.jpg,3,258,29,360,128
val,images/val/frame_001210_person_04.jpg,data/person_dataset_seed123/images/val/frame_001210.jpg,4,305,101,376,203
val,images/val/frame_001210_person_05.jpg,data/person_dataset_seed123/images/val/frame_001210.jpg,5,219,34,282,123
val,images/val/frame_001210_person_06.jpg,data/person_dataset_seed123/images/val/frame_001210.jpg,6,117,83,193,145
val,images/val/frame_001210_person_07.jpg,data/person_dataset_seed123/images/val/frame_001210.jpg,7,200,147,304,247
val,images/val/frame_001210_person_08.jpg,data/person_dataset_seed123/images/val/frame_001210.jpg,8,160,157,226,232
val,images/val/frame_001210_person_09.jpg,data/person_dataset_seed123/images/val/frame_001210.jpg,9,99,171,186,237
val,images/val/frame_001210_person_10.jpg,data/person_dataset_seed123/images/val/frame_001210.jpg,10,107,541,190,616
val,images/val/frame_001210_person_11.jpg,data/person_dataset_seed123/images/val/frame_001210.jpg,11,218,579,303,672
val,images/val/frame_001210_person_12.jpg,data/person_dataset_seed123/images/val/frame_001210.jpg,12,289,607,374,686
val,images/val/frame_001210_person_13.jpg,data/person_dataset_seed123/images/val/frame_001210.jpg,13,560,638,634,720
val,images/val/frame_001210_person_14.jpg,data/person_dataset_seed123/images/val/frame_001210.jpg,14,675,596,760,672
val,images/val/frame_001210_person_15.jpg,data/person_dataset_seed123/images/val/frame_001210.jpg,15,727,428,801,513
val,images/val/frame_001210_person_16.jpg,data/person_dataset_seed123/images/val/frame_001210.jpg,16,608,431,773,549
val,images/val/frame_001210_person_17.jpg,data/person_dataset_seed123/images/val/frame_001210.jpg,17,569,473,675,594
val,images/val/frame_001210_person_18.jpg,data/person_dataset_seed123/images/val/frame_001210.jpg,18,677,317,796,401
val,images/val/frame_001219_person_00.jpg,data/person_dataset_seed123/images/val/frame_001219.jpg,0,421,0,520,86
val,images/val/frame_001219_person_01.jpg,data/person_dataset_seed123/images/val/frame_001219.jpg,1,332,0,441,172
val,images/val/frame_001219_person_02.jpg,data/person_dataset_seed123/images/val/frame_001219.jpg,2,289,86,379,204
val,images/val/frame_001219_person_03.jpg,data/person_dataset_seed123/images/val/frame_001219.jpg,3,251,51,338,138
val,images/val/frame_001219_person_04.jpg,data/person_dataset_seed123/images/val/frame_001219.jpg,4,215,34,266,118
val,images/val/frame_001219_person_05.jpg,data/person_dataset_seed123/images/val/frame_001219.jpg,5,203,145,303,247
val,images/val/frame_001219_person_06.jpg,data/person_dataset_seed123/images/val/frame_001219.jpg,6,158,149,223,235
val,images/val/frame_001219_person_07.jpg,data/person_dataset_seed123/images/val/frame_001219.jpg,7,120,80,189,150
val,images/val/frame_001219_person_08.jpg,data/person_dataset_seed123/images/val/frame_001219.jpg,8,100,172,174,246
val,images/val/frame_001219_person_09.jpg,data/person_dataset_seed123/images/val/frame_001219.jpg,9,109,543,189,617
val,images/val/frame_001219_person_10.jpg,data/person_dataset_seed123/images/val/frame_001219.jpg,10,216,579,308,669
val,images/val/frame_001219_person_11.jpg,data/person_dataset_seed123/images/val/frame_001219.jpg,11,295,610,375,687
val,images/val/frame_001219_person_12.jpg,data/person_dataset_seed123/images/val/frame_001219.jpg,12,480,368,595,589
val,images/val/frame_001219_person_13.jpg,data/person_dataset_seed123/images/val/frame_001219.jpg,13,566,470,673,593
val,images/val/frame_001219_person_14.jpg,data/person_dataset_seed123/images/val/frame_001219.jpg,14,612,428,768,554
val,images/val/frame_001219_person_15.jpg,data/person_dataset_seed123/images/val/frame_001219.jpg,15,725,434,799,514
val,images/val/frame_001219_person_16.jpg,data/person_dataset_seed123/images/val/frame_001219.jpg,16,679,592,761,668
val,images/val/frame_001219_person_17.jpg,data/person_dataset_seed123/images/val/frame_001219.jpg,17,561,635,635,720
val,images/val/frame_001227_person_00.jpg,data/person_dataset_seed123/images/val/frame_001227.jpg,0,296,0,419,167
val,images/val/frame_001227_person_01.jpg,data/person_dataset_seed123/images/val/frame_001227.jpg,1,296,95,379,196
val,images/val/frame_001227_person_02.jpg,data/person_dataset_seed123/images/val/frame_001227.jpg,2,236,50,322,154
val,images/val/frame_001227_person_03.jpg,data/person_dataset_seed123/images/val/frame_001227.jpg,3,218,33,258,111
val,images/val/frame_001227_person_04.jpg,data/person_dataset_seed123/images/val/frame_001227.jpg,4,197,147,305,220
val,images/val/frame_001227_person_05.jpg,data/person_dataset_seed123/images/val/frame_001227.jpg,5,150,149,223,228
val,images/val/frame_001227_person_06.jpg,data/person_dataset_seed123/images/val/frame_001227.jpg,6,679,324,795,397
val,images/val/frame_001227_person_07.jpg,data/person_dataset_seed123/images/val/frame_001227.jpg,7,713,433,801,494
val,images/val/frame_001227_person_08.jpg,data/person_dataset_seed123/images/val/frame_001227.jpg,8,611,430,774,551
val,images/val/frame_001227_person_09.jpg,data/person_dataset_seed123/images/val/frame_001227.jpg,9,565,475,671,588
val,images/val/frame_001227_person_10.jpg,data/person_dataset_seed123/images/val/frame_001227.jpg,10,672,603,761,662
val,images/val/frame_001227_person_11.jpg,data/person_dataset_seed123/images/val/frame_001227.jpg,11,562,640,633,720
val,images/val/frame_001227_person_12.jpg,data/person_dataset_seed123/images/val/frame_001227.jpg,12,464,507,581,720
val,images/val/frame_001227_person_13.jpg,data/person_dataset_seed123/images/val/frame_001227.jpg,13,295,607,375,701
val,images/val/frame_001227_person_14.jpg,data/person_dataset_seed123/images/val/frame_001227.jpg,14,224,580,307,660
val,images/val/frame_001227_person_15.jpg,data/person_dataset_seed123/images/val/frame_001227.jpg,15,107,544,197,619
val,images/val/frame_001227_person_16.jpg,data/person_dataset_seed123/images/val/frame_001227.jpg,16,98,173,177,234
val,images/val/frame_001227_person_17.jpg,data/person_dataset_seed123/images/val/frame_001227.jpg,17,118,84,192,150
val,images/val/frame_001227_person_18.jpg,data/person_dataset_seed123/images/val/frame_001227.jpg,18,418,0,521,81
val,images/val/frame_001235_person_00.jpg,data/person_dataset_seed123/images/val/frame_001235.jpg,0,422,0,523,80
val,images/val/frame_001235_person_01.jpg,data/person_dataset_seed123/images/val/frame_001235.jpg,1,227,4,338,77
val,images/val/frame_001235_person_02.jpg,data/person_dataset_seed123/images/val/frame_001235.jpg,2,218,33,256,120
val,images/val/frame_001235_person_03.jpg,data/person_dataset_seed123/images/val/frame_001235.jpg,3,245,61,318,168
val,images/val/frame_001235_person_04.jpg,data/person_dataset_seed123/images/val/frame_001235.jpg,4,303,85,375,200
val,images/val/frame_001235_person_05.jpg,data/person_dataset_seed123/images/val/frame_001235.jpg,5,206,146,306,228
val,images/val/frame_001235_person_06.jpg,data/person_dataset_seed123/images/val/frame_001235.jpg,6,155,151,219,230
val,images/val/frame_001235_person_07.jpg,data/person_dataset_seed123/images/val/frame_001235.jpg,7,119,87,200,147
val,images/val/frame_001235_person_08.jpg,data/person_dataset_seed123/images/val/frame_001235.jpg,8,102,176,167,229
val,images/val/frame_001235_person_09.jpg,data/person_dataset_seed123/images/val/frame_001235.jpg,9,111,545,198,620
val,images/val/frame_001235_person_10.jpg,data/person_dataset_seed123/images/val/frame_001235.jpg,10,227,583,308,669
val,images/val/frame_001235_person_11.jpg,data/person_dataset_seed123/images/val/frame_001235.jpg,11,295,607,372,695
val,images/val/frame_001235_person_12.jpg,data/person_dataset_seed123/images/val/frame_001235.jpg,12,458,563,558,720
val,images/val/frame_001235_person_13.jpg,data/person_dataset_seed123/images/val/frame_001235.jpg,13,559,639,635,720
val,images/val/frame_001235_person_14.jpg,data/person_dataset_seed123/images/val/frame_001235.jpg,14,672,605,761,668
val,images/val/frame_001235_person_15.jpg,data/person_dataset_seed123/images/val/frame_001235.jpg,15,610,430,768,550
val,images/val/frame_001235_person_16.jpg,data/person_dataset_seed123/images/val/frame_001235.jpg,16,723,434,802,499
val,images/val/frame_001235_person_17.jpg,data/person_dataset_seed123/images/val/frame_001235.jpg,17,557,482,675,591
val,images/val/frame_001235_person_18.jpg,data/person_dataset_seed123/images/val/frame_001235.jpg,18,677,324,799,404
val,images/val/frame_001241_person_00.jpg,data/person_dataset_seed123/images/val/frame_001241.jpg,0,425,0,520,85
val,images/val/frame_001241_person_01.jpg,data/person_dataset_seed123/images/val/frame_001241.jpg,1,298,78,375,203
val,images/val/frame_001241_person_02.jpg,data/person_dataset_seed123/images/val/frame_001241.jpg,2,237,50,327,153
val,images/val/frame_001241_person_03.jpg,data/person_dataset_seed123/images/val/frame_001241.jpg,3,198,26,305,78
val,images/val/frame_001241_person_04.jpg,data/person_dataset_seed123/images/val/frame_001241.jpg,4,119,85,185,143
val,images/val/frame_001241_person_05.jpg,data/person_dataset_seed123/images/val/frame_001241.jpg,5,205,148,310,224
val,images/val/frame_001241_person_06.jpg,data/person_dataset_seed123/images/val/frame_001241.jpg,6,104,176,167,231
val,images/val/frame_001241_person_07.jpg,data/person_dataset_seed123/images/val/frame_001241.jpg,7,154,156,222,231
val,images/val/frame_001241_person_08.jpg,data/person_dataset_seed123/images/val/frame_001241.jpg,8,111,545,190,617
val,images/val/frame_001241_person_09.jpg,data/person_dataset_seed123/images/val/frame_001241.jpg,9,222,578,303,670
val,images/val/frame_001241_person_10.jpg,data/person_dataset_seed123/images/val/frame_001241.jpg,10,287,600,369,701
val,images/val/frame_001241_person_11.jpg,data/person_dataset_seed123/images/val/frame_001241.jpg,11,447,526,567,720
val,images/val/frame_001241_person_12.jpg,data/person_dataset_seed123/images/val/frame_001241.jpg,12,561,638,634,720
val,images/val/frame_001241_person_13.jpg,data/person_dataset_seed123/images/val/frame_001241.jpg,13,674,611,763,669
val,images/val/frame_001241_person_14.jpg,data/person_dataset_seed123/images/val/frame_001241.jpg,14,728,429,793,494
val,images/val/frame_001241_person_15.jpg,data/person_dataset_seed123/images/val/frame_001241.jpg,15,612,431,774,556
val,images/val/frame_001241_person_16.jpg,data/person_dataset_seed123/images/val/frame_001241.jpg,16,563,476,670,597
val,images/val/frame_001241_person_17.jpg,data/person_dataset_seed123/images/val/frame_001241.jpg,17,678,324,794,406
val,images/val/frame_001254_person_00.jpg,data/person_dataset_seed123/images/val/frame_001254.jpg,0,680,324,793,403
val,images/val/frame_001254_person_01.jpg,data/person_dataset_seed123/images/val/frame_001254.jpg,1,723,421,794,520
val,images/val/frame_001254_person_02.jpg,data/person_dataset_seed123/images/val/frame_001254.jpg,2,613,429,765,549
val,images/val/frame_001254_person_03.jpg,data/person_dataset_seed123/images/val/frame_001254.jpg,3,568,478,670,597
val,images/val/frame_001254_person_04.jpg,data/person_dataset_seed123/images/val/frame_001254.jpg,4,563,639,633,720
val,images/val/frame_001254_person_05.jpg,data/person_dataset_seed123/images/val/frame_001254.jpg,5,677,608,754,661
val,images/val/frame_001254_person_06.jpg,data/person_dataset_seed123/images/val/frame_001254.jpg,6,301,605,377,706
val,images/val/frame_001254_person_07.jpg,data/person_dataset_seed123/images/val/frame_001254.jpg,7,262,489,431,666
val,images/val/frame_001254_person_08.jpg,data/person_dataset_seed123/images/val/frame_001254.jpg,8,235,581,295,662
val,images/val/frame_001254_person_09.jpg,data/person_dataset_seed123/images/val/frame_001254.jpg,9,110,544,194,616
val,images/val/frame_001254_person_10.jpg,data/person_dataset_seed123/images/val/frame_001254.jpg,10,422,0,523,82
val,images/val/frame_001254_person_11.jpg,data/person_dataset_seed123/images/val/frame_001254.jpg,11,312,74,375,203
val,images/val/frame_001254_person_12.jpg,data/person_dataset_seed123/images/val/frame_001254.jpg,12,254,34,354,143
val,images/val/frame_001254_person_13.jpg,data/person_dataset_seed123/images/val/frame_001254.jpg,13,223,27,276,123
val,images/val/frame_001254_person_14.jpg,data/person_dataset_seed123/images/val/frame_001254.jpg,14,120,84,200,144
val,images/val/frame_001254_person_15.jpg,data/person_dataset_seed123/images/val/frame_001254.jpg,15,146,135,222,233
val,images/val/frame_001254_person_16.jpg,data/person_dataset_seed123/images/val/frame_001254.jpg,16,105,173,163,232
val,images/val/frame_001254_person_17.jpg,data/person_dataset_seed123/images/val/frame_001254.jpg,17,200,146,303,230
val,images/val/frame_001255_person_00.jpg,data/person_dataset_seed123/images/val/frame_001255.jpg,0,270,491,417,647
val,images/val/frame_001255_person_01.jpg,data/person_dataset_seed123/images/val/frame_001255.jpg,1,296,605,377,707
val,images/val/frame_001255_person_02.jpg,data/person_dataset_seed123/images/val/frame_001255.jpg,2,231,585,301,667
val,images/val/frame_001255_person_03.jpg,data/person_dataset_seed123/images/val/frame_001255.jpg,3,111,542,190,620
val,images/val/frame_001255_person_04.jpg,data/person_dataset_seed123/images/val/frame_001255.jpg,4,564,474,671,596
val,images/val/frame_001255_person_05.jpg,data/person_dataset_seed123/images/val/frame_001255.jpg,5,611,429,759,551
val,images/val/frame_001255_person_06.jpg,data/person_dataset_seed123/images/val/frame_001255.jpg,6,725,415,790,505
val,images/val/frame_001255_person_07.jpg,data/person_dataset_seed123/images/val/frame_001255.jpg,7,674,607,756,662
val,images/val/frame_001255_person_08.jpg,data/person_dataset_seed123/images/val/frame_001255.jpg,8,558,638,634,720
val,images/val/frame_001255_person_09.jpg,data/person_dataset_seed123/images/val/frame_001255.jpg,9,681,322,793,404
val,images/val/frame_001255_person_10.jpg,data/person_dataset_seed123/images/val/frame_001255.jpg,10,311,75,375,206
val,images/val/frame_001255_person_11.jpg,data/person_dataset_seed123/images/val/frame_001255.jpg,11,257,30,333,151
val,images/val/frame_001255_person_12.jpg,data/person_dataset_seed123/images/val/frame_001255.jpg,12,424,0,523,78
val,images/val/frame_001255_person_13.jpg,data/person_dataset_seed123/images/val/frame_001255.jpg,13,218,31,271,119
val,images/val/frame_001255_person_14.jpg,data/person_dataset_seed123/images/val/frame_001255.jpg,14,206,148,305,223
val,images/val/frame_001255_person_15.jpg,data/person_dataset_seed123/images/val/frame_001255.jpg,15,129,149,222,230
val,images/val/frame_001255_person_16.jpg,data/person_dataset_seed123/images/val/frame_001255.jpg,16,104,179,141,214
val,images/val/frame_001255_person_17.jpg,data/person_dataset_seed123/images/val/frame_001255.jpg,17,121,81,200,143
val,images/val/frame_001269_person_00.jpg,data/person_dataset_seed123/images/val/frame_001269.jpg,0,614,432,756,571
val,images/val/frame_001269_person_01.jpg,data/person_dataset_seed123/images/val/frame_001269.jpg,1,720,427,797,494
val,images/val/frame_001269_person_02.jpg,data/person_dataset_seed123/images/val/frame_001269.jpg,2,682,319,791,406
val,images/val/frame_001269_person_03.jpg,data/person_dataset_seed123/images/val/frame_001269.jpg,3,671,604,760,662
val,images/val/frame_001269_person_04.jpg,data/person_dataset_seed123/images/val/frame_001269.jpg,4,568,477,667,595
val,images/val/frame_001269_person_05.jpg,data/person_dataset_seed123/images/val/frame_001269.jpg,5,559,638,634,720
val,images/val/frame_001269_person_06.jpg,data/person_dataset_seed123/images/val/frame_001269.jpg,6,302,604,373,706
val,images/val/frame_001269_person_07.jpg,data/person_dataset_seed123/images/val/frame_001269.jpg,7,227,581,306,665
val,images/val/frame_001269_person_08.jpg,data/person_dataset_seed123/images/val/frame_001269.jpg,8,111,545,188,618
val,images/val/frame_001269_person_09.jpg,data/person_dataset_seed123/images/val/frame_001269.jpg,9,56,435,146,490
val,images/val/frame_001269_person_10.jpg,data/person_dataset_seed123/images/val/frame_001269.jpg,10,313,86,376,202
val,images/val/frame_001269_person_11.jpg,data/person_dataset_seed123/images/val/frame_001269.jpg,11,257,46,333,156
val,images/val/frame_001269_person_12.jpg,data/person_dataset_seed123/images/val/frame_001269.jpg,12,412,0,525,82
val,images/val/frame_001269_person_13.jpg,data/person_dataset_seed123/images/val/frame_001269.jpg,13,218,36,270,124
val,images/val/frame_001269_person_14.jpg,data/person_dataset_seed123/images/val/frame_001269.jpg,14,204,149,309,219
val,images/val/frame_001269_person_15.jpg,data/person_dataset_seed123/images/val/frame_001269.jpg,15,156,155,219,233
val,images/val/frame_001269_person_16.jpg,data/person_dataset_seed123/images/val/frame_001269.jpg,16,99,184,177,236
val,images/val/frame_001269_person_17.jpg,data/person_dataset_seed123/images/val/frame_001269.jpg,17,120,85,190,149
val,images/val/frame_001281_person_00.jpg,data/person_dataset_seed123/images/val/frame_001281.jpg,0,677,324,782,397
val,images/val/frame_001281_person_01.jpg,data/person_dataset_seed123/images/val/frame_001281.jpg,1,609,436,771,560
val,images/val/frame_001281_person_02.jpg,data/person_dataset_seed123/images/val/frame_001281.jpg,2,712,436,805,495
val,images/val/frame_001281_person_03.jpg,data/person_dataset_seed123/images/val/frame_001281.jpg,3,565,479,669,587
val,images/val/frame_001281_person_04.jpg,data/person_dataset_seed123/images/val/frame_001281.jpg,4,674,601,758,664
val,images/val/frame_001281_person_05.jpg,data/person_dataset_seed123/images/val/frame_001281.jpg,5,559,640,633,720
val,images/val/frame_001281_person_06.jpg,data/person_dataset_seed123/images/val/frame_001281.jpg,6,301,605,377,706
val,images/val/frame_001281_person_07.jpg,data/person_dataset_seed123/images/val/frame_001281.jpg,7,226,582,308,670
val,images/val/frame_001281_person_08.jpg,data/person_dataset_seed123/images/val/frame_001281.jpg,8,108,546,199,614
val,images/val/frame_001281_person_09.jpg,data/person_dataset_seed123/images/val/frame_001281.jpg,9,42,391,151,467
val,images/val/frame_001281_person_10.jpg,data/person_dataset_seed123/images/val/frame_001281.jpg,10,410,0,523,84
val,images/val/frame_001281_person_11.jpg,data/person_dataset_seed123/images/val/frame_001281.jpg,11,308,85,379,200
val,images/val/frame_001281_person_12.jpg,data/person_dataset_seed123/images/val/frame_001281.jpg,12,256,47,335,148
val,images/val/frame_001281_person_13.jpg,data/person_dataset_seed123/images/val/frame_001281.jpg,13,220,31,268,126
val,images/val/frame_001281_person_14.jpg,data/person_dataset_seed123/images/val/frame_001281.jpg,14,203,146,306,225
val,images/val/frame_001281_person_15.jpg,data/person_dataset_seed123/images/val/frame_001281.jpg,15,153,122,231,223
val,images/val/frame_001281_person_16.jpg,data/person_dataset_seed123/images/val/frame_001281.jpg,16,100,184,184,242
val,images/val/frame_001281_person_17.jpg,data/person_dataset_seed123/images/val/frame_001281.jpg,17,117,81,200,140
val,images/val/frame_001288_person_00.jpg,data/person_dataset_seed123/images/val/frame_001288.jpg,0,413,0,521,83
val,images/val/frame_001288_person_01.jpg,data/person_dataset_seed123/images/val/frame_001288.jpg,1,300,86,377,203
val,images/val/frame_001288_person_02.jpg,data/person_dataset_seed123/images/val/frame_001288.jpg,2,254,48,330,150
val,images/val/frame_001288_person_03.jpg,data/person_dataset_seed123/images/val/frame_001288.jpg,3,218,30,269,124
val,images/val/frame_001288_person_04.jpg,data/person_dataset_seed123/images/val/frame_001288.jpg,4,201,146,311,230
val,images/val/frame_001288_person_05.jpg,data/person_dataset_seed123/images/val/frame_001288.jpg,5,153,134,227,222
val,images/val/frame_001288_person_06.jpg,data/person_dataset_seed123/images/val/frame_001288.jpg,6,102,181,175,244
val,images/val/frame_001288_person_07.jpg,data/person_dataset_seed123/images/val/frame_001288.jpg,7,122,77,189,146
val,images/val/frame_001288_person_08.jpg,data/person_dataset_seed123/images/val/frame_001288.jpg,8,53,376,152,469
val,images/val/frame_001288_person_09.jpg,data/person_dataset_seed123/images/val/frame_001288.jpg,9,109,545,196,616
val,images/val/frame_001288_person_10.jpg,data/person_dataset_seed123/images/val/frame_001288.jpg,10,217,584,309,673
val,images/val/frame_001288_person_11.jpg,data/person_dataset_seed123/images/val/frame_001288.jpg,11,293,606,378,706
val,images/val/frame_001288_person_12.jpg,data/person_dataset_seed123/images/val/frame_001288.jpg,12,612,437,764,552
val,images/val/frame_001288_person_13.jpg,data/person_dataset_seed123/images/val/frame_001288.jpg,13,717,430,806,509
val,images/val/frame_001288_person_14.jpg,data/person_dataset_seed123/images/val/frame_001288.jpg,14,673,604,757,667
val,images/val/frame_001288_person_15.jpg,data/person_dataset_seed123/images/val/frame_001288.jpg,15,564,478,667,595
val,images/val/frame_001288_person_16.jpg,data/person_dataset_seed123/images/val/frame_001288.jpg,16,557,636,635,720
val,images/val/frame_001288_person_17.jpg,data/person_dataset_seed123/images/val/frame_001288.jpg,17,672,324,801,400
val,images/val/frame_001293_person_00.jpg,data/person_dataset_seed123/images/val/frame_001293.jpg,0,677,322,802,403
val,images/val/frame_001293_person_01.jpg,data/person_dataset_seed123/images/val/frame_001293.jpg,1,612,438,761,555
val,images/val/frame_001293_person_02.jpg,data/person_dataset_seed123/images/val/frame_001293.jpg,2,716,432,805,498
val,images/val/frame_001293_person_03.jpg,data/person_dataset_seed123/images/val/frame_001293.jpg,3,561,474,671,598
val,images/val/frame_001293_person_04.jpg,data/person_dataset_seed123/images/val/frame_001293.jpg,4,670,604,751,685
val,images/val/frame_001293_person_05.jpg,data/person_dataset_seed123/images/val/frame_001293.jpg,5,558,638,633,720
val,images/val/frame_001293_person_06.jpg,data/person_dataset_seed123/images/val/frame_001293.jpg,6,292,605,376,707
val,images/val/frame_001293_person_07.jpg,data/person_dataset_seed123/images/val/frame_001293.jpg,7,220,581,310,668
val,images/val/frame_001293_person_08.jpg,data/person_dataset_seed123/images/val/frame_001293.jpg,8,110,540,196,615
val,images/val/frame_001293_person_09.jpg,data/person_dataset_seed123/images/val/frame_001293.jpg,9,54,376,163,472
val,images/val/frame_001293_person_10.jpg,data/person_dataset_seed123/images/val/frame_001293.jpg,10,306,90,376,203
val,images/val/frame_001293_person_11.jpg,data/person_dataset_seed123/images/val/frame_001293.jpg,11,409,0,523,80
val,images/val/frame_001293_person_12.jpg,data/person_dataset_seed123/images/val/frame_001293.jpg,12,251,52,336,149
val,images/val/frame_001293_person_13.jpg,data/person_dataset_seed123/images/val/frame_001293.jpg,13,221,32,265,122
val,images/val/frame_001293_person_14.jpg,data/person_dataset_seed123/images/val/frame_001293.jpg,14,210,143,292,236
val,images/val/frame_001293_person_15.jpg,data/person_dataset_seed123/images/val/frame_001293.jpg,15,151,146,225,228
val,images/val/frame_001293_person_16.jpg,data/person_dataset_seed123/images/val/frame_001293.jpg,16,119,84,187,146
val,images/val/frame_001293_person_17.jpg,data/person_dataset_seed123/images/val/frame_001293.jpg,17,99,182,181,243
val,images/val/frame_001303_person_00.jpg,data/person_dataset_seed123/images/val/frame_001303.jpg,0,266,38,380,140
val,images/val/frame_001303_person_01.jpg,data/person_dataset_seed123/images/val/frame_001303.jpg,1,220,39,276,139
val,images/val/frame_001303_person_02.jpg,data/person_dataset_seed123/images/val/frame_001303.jpg,2,215,130,296,234
val,images/val/frame_001303_person_03.jpg,data/person_dataset_seed123/images/val/frame_001303.jpg,3,283,111,375,206
val,images/val/frame_001303_person_04.jpg,data/person_dataset_seed123/images/val/frame_001303.jpg,4,70,382,137,476
val,images/val/frame_001303_person_05.jpg,data/person_dataset_seed123/images/val/frame_001303.jpg,5,116,534,200,625
val,images/val/frame_001303_person_06.jpg,data/person_dataset_seed123/images/val/frame_001303.jpg,6,574,480,682,603
val,images/val/frame_001303_person_07.jpg,data/person_dataset_seed123/images/val/frame_001303.jpg,7,618,431,787,568
val,images/val/frame_001303_person_08.jpg,data/person_dataset_seed123/images/val/frame_001303.jpg,8,731,437,796,492
val,images/val/frame_001303_person_09.jpg,data/person_dataset_seed123/images/val/frame_001303.jpg,9,683,604,759,659
val,images/val/frame_001303_person_10.jpg,data/person_dataset_seed123/images/val/frame_001303.jpg,10,555,639,634,720
val,images/val/frame_001313_person_00.jpg,data/person_dataset_seed123/images/val/frame_001313.jpg,0,53,371,161,461
val,images/val/frame_001313_person_01.jpg,data/person_dataset_seed123/images/val/frame_001313.jpg,1,103,178,194,232
val,images/val/frame_001313_person_02.jpg,data/person_dataset_seed123/images/val/frame_001313.jpg,2,21,175,109,234
val,images/val/frame_001313_person_03.jpg,data/person_dataset_seed123/images/val/frame_001313.jpg,3,232,81,328,146
val,images/val/frame_001313_person_04.jpg,data/person_dataset_seed123/images/val/frame_001313.jpg,4,284,122,390,203
val,images/val/frame_001313_person_05.jpg,data/person_dataset_seed123/images/val/frame_001313.jpg,5,210,129,304,213
val,images/val/frame_001313_person_06.jpg,data/person_dataset_seed123/images/val/frame_001313.jpg,6,116,86,207,148
val,images/val/frame_001313_person_07.jpg,data/person_dataset_seed123/images/val/frame_001313.jpg,7,421,0,525,77
val,images/val/frame_001313_person_08.jpg,data/person_dataset_seed123/images/val/frame_001313.jpg,8,679,311,803,412
val,images/val/frame_001313_person_09.jpg,data/person_dataset_seed123/images/val/frame_001313.jpg,9,648,438,744,599
val,images/val/frame_001313_person_10.jpg,data/person_dataset_seed123/images/val/frame_001313.jpg,10,565,473,673,601
val,images/val/frame_001313_person_11.jpg,data/person_dataset_seed123/images/val/frame_001313.jpg,11,719,437,801,514
val,images/val/frame_001313_person_12.jpg,data/person_dataset_seed123/images/val/frame_001313.jpg,12,678,598,758,660
val,images/val/frame_001313_person_13.jpg,data/person_dataset_seed123/images/val/frame_001313.jpg,13,558,638,633,720
val,images/val/frame_001313_person_14.jpg,data/person_dataset_seed123/images/val/frame_001313.jpg,14,293,596,375,686
val,images/val/frame_001313_person_15.jpg,data/person_dataset_seed123/images/val/frame_001313.jpg,15,228,578,307,672
val,images/val/frame_001313_person_16.jpg,data/person_dataset_seed123/images/val/frame_001313.jpg,16,115,542,199,611
val,images/val/frame_001317_person_00.jpg,data/person_dataset_seed123/images/val/frame_001317.jpg,0,419,0,524,83
val,images/val/frame_001317_person_01.jpg,data/person_dataset_seed123/images/val/frame_001317.jpg,1,283,118,393,206
val,images/val/frame_001317_person_02.jpg,data/person_dataset_seed123/images/val/frame_001317.jpg,2,236,77,337,151
val,images/val/frame_001317_person_03.jpg,data/person_dataset_seed123/images/val/frame_001317.jpg,3,210,131,293,241
val,images/val/frame_001317_person_04.jpg,data/person_dataset_seed123/images/val/frame_001317.jpg,4,117,86,208,152
val,images/val/frame_001317_person_05.jpg,data/person_dataset_seed123/images/val/frame_001317.jpg,5,23,178,102,225
val,images/val/frame_001317_person_06.jpg,data/person_dataset_seed123/images/val/frame_001317.jpg,6,98,197,187,241
val,images/val/frame_001317_person_07.jpg,data/person_dataset_seed123/images/val/frame_001317.jpg,7,55,372,157,469
val,images/val/frame_001317_person_08.jpg,data/person_dataset_seed123/images/val/frame_001317.jpg,8,116,544,196,610
val,images/val/frame_001317_person_09.jpg,data/person_dataset_seed123/images/val/frame_001317.jpg,9,225,579,309,673
val,images/val/frame_001317_person_10.jpg,data/person_dataset_seed123/images/val/frame_001317.jpg,10,294,595,376,686
val,images/val/frame_001317_person_11.jpg,data/person_dataset_seed123/images/val/frame_001317.jpg,11,681,310,798,414
val,images/val/frame_001317_person_12.jpg,data/person_dataset_seed123/images/val/frame_001317.jpg,12,713,436,806,501
val,images/val/frame_001317_person_13.jpg,data/person_dataset_seed123/images/val/frame_001317.jpg,13,641,454,752,573
val,images/val/frame_001317_person_14.jpg,data/person_dataset_seed123/images/val/frame_001317.jpg,14,563,476,675,603
val,images/val/frame_001317_person_15.jpg,data/person_dataset_seed123/images/val/frame_001317.jpg,15,560,637,635,720
val,images/val/frame_001317_person_16.jpg,data/person_dataset_seed123/images/val/frame_001317.jpg,16,681,596,755,658
val,images/val/frame_001324_person_00.jpg,data/person_dataset_seed123/images/val/frame_001324.jpg,0,413,0,525,81
val,images/val/frame_001324_person_01.jpg,data/person_dataset_seed123/images/val/frame_001324.jpg,1,286,108,378,208
val,images/val/frame_001324_person_02.jpg,data/person_dataset_seed123/images/val/frame_001324.jpg,2,233,77,335,149
val,images/val/frame_001324_person_03.jpg,data/person_dataset_seed123/images/val/frame_001324.jpg,3,208,133,299,242
val,images/val/frame_001324_person_04.jpg,data/person_dataset_seed123/images/val/frame_001324.jpg,4,120,87,207,158
val,images/val/frame_001324_person_05.jpg,data/person_dataset_seed123/images/val/frame_001324.jpg,5,109,175,193,229
val,images/val/frame_001324_person_06.jpg,data/person_dataset_seed123/images/val/frame_001324.jpg,6,22,170,120,234
val,images/val/frame_001324_person_07.jpg,data/person_dataset_seed123/images/val/frame_001324.jpg,7,55,378,144,471
val,images/val/frame_001324_person_08.jpg,data/person_dataset_seed123/images/val/frame_001324.jpg,8,117,542,195,613
val,images/val/frame_001324_person_09.jpg,data/person_dataset_seed123/images/val/frame_001324.jpg,9,224,575,311,677
val,images/val/frame_001324_person_10.jpg,data/person_dataset_seed123/images/val/frame_001324.jpg,10,295,594,373,686
val,images/val/frame_001324_person_11.jpg,data/person_dataset_seed123/images/val/frame_001324.jpg,11,679,314,799,415
val,images/val/frame_001324_person_12.jpg,data/person_dataset_seed123/images/val/frame_001324.jpg,12,726,435,805,496
val,images/val/frame_001324_person_13.jpg,data/person_dataset_seed123/images/val/frame_001324.jpg,13,640,456,773,551
val,images/val/frame_001324_person_14.jpg,data/person_dataset_seed123/images/val/frame_001324.jpg,14,565,478,673,606
val,images/val/frame_001324_person_15.jpg,data/person_dataset_seed123/images/val/frame_001324.jpg,15,679,600,755,661
val,images/val/frame_001324_person_16.jpg,data/person_dataset_seed123/images/val/frame_001324.jpg,16,560,639,635,720
val,images/val/frame_001335_person_00.jpg,data/person_dataset_seed123/images/val/frame_001335.jpg,0,415,0,524,84
val,images/val/frame_001335_person_01.jpg,data/person_dataset_seed123/images/val/frame_001335.jpg,1,298,118,375,213
val,images/val/frame_001335_person_02.jpg,data/person_dataset_seed123/images/val/frame_001335.jpg,2,231,72,335,152
val,images/val/frame_001335_person_03.jpg,data/person_dataset_seed123/images/val/frame_001335.jpg,3,203,129,299,251
val,images/val/frame_001335_person_04.jpg,data/person_dataset_seed123/images/val/frame_001335.jpg,4,117,84,200,147
val,images/val/frame_001335_person_05.jpg,data/person_dataset_seed123/images/val/frame_001335.jpg,5,121,181,201,231
val,images/val/frame_001335_person_06.jpg,data/person_dataset_seed123/images/val/frame_001335.jpg,6,46,133,137,206
val,images/val/frame_001335_person_07.jpg,data/person_dataset_seed123/images/val/frame_001335.jpg,7,59,375,140,473
val,images/val/frame_001335_person_08.jpg,data/person_dataset_seed123/images/val/frame_001335.jpg,8,115,544,200,615
val,images/val/frame_001335_person_09.jpg,data/person_dataset_seed123/images/val/frame_001335.jpg,9,224,578,304,674
val,images/val/frame_001335_person_10.jpg,data/person_dataset_seed123/images/val/frame_001335.jpg,10,297,601,369,686
val,images/val/frame_001335_person_11.jpg,data/person_dataset_seed123/images/val/frame_001335.jpg,11,558,640,632,720
val,images/val/frame_001335_person_12.jpg,data/person_dataset_seed123/images/val/frame_001335.jpg,12,681,597,758,664
val,images/val/frame_001335_person_13.jpg,data/person_dataset_seed123/images/val/frame_001335.jpg,13,737,432,803,485
val,images/val/frame_001335_person_14.jpg,data/person_dataset_seed123/images/val/frame_001335.jpg,14,624,441,800,539
val,images/val/frame_001335_person_15.jpg,data/person_dataset_seed123/images/val/frame_001335.jpg,15,560,474,674,602
val,images/val/frame_001335_person_16.jpg,data/person_dataset_seed123/images/val/frame_001335.jpg,16,677,316,800,413
test,images/test/frame_000075_person_00.jpg,data/person_dataset_seed123/images/test/frame_000075.jpg,0,532,6,620,99
test,images/test/frame_000075_person_01.jpg,data/person_dataset_seed123/images/test/frame_000075.jpg,1,427,0,524,76
test,images/test/frame_000075_person_02.jpg,data/person_dataset_seed123/images/test/frame_000075.jpg,2,336,30,444,97
test,images/test/frame_000075_person_03.jpg,data/person_dataset_seed123/images/test/frame_000075.jpg,3,208,42,302,119
test,images/test/frame_000075_person_04.jpg,data/person_dataset_seed123/images/test/frame_000075.jpg,4,112,92,187,146
test,images/test/frame_000075_person_05.jpg,data/person_dataset_seed123/images/test/frame_000075.jpg,5,297,93,375,204
test,images/test/frame_000075_person_06.jpg,data/person_dataset_seed123/images/test/frame_000075.jpg,6,208,127,295,225
test,images/test/frame_000075_person_07.jpg,data/person_dataset_seed123/images/test/frame_000075.jpg,7,149,145,221,225
test,images/test/frame_000075_person_08.jpg,data/person_dataset_seed123/images/test/frame_000075.jpg,8,102,181,181,237
test,images/test/frame_000075_person_09.jpg,data/person_dataset_seed123/images/test/frame_000075.jpg,9,689,157,796,221
test,images/test/frame_000075_person_10.jpg,data/person_dataset_seed123/images/test/frame_000075.jpg,10,693,298,794,397
test,images/test/frame_000075_person_11.jpg,data/person_dataset_seed123/images/test/frame_000075.jpg,11,589,285,709,405
test,images/test/frame_000075_person_12.jpg,data/person_dataset_seed123/images/test/frame_000075.jpg,12,705,459,793,552
test,images/test/frame_000075_person_13.jpg,data/person_dataset_seed123/images/test/frame_000075.jpg,13,567,478,671,600
test,images/test/frame_000075_person_14.jpg,data/person_dataset_seed123/images/test/frame_000075.jpg,14,556,644,644,702
test,images/test/frame_000075_person_15.jpg,data/person_dataset_seed123/images/test/frame_000075.jpg,15,683,600,759,657
test,images/test/frame_000075_person_16.jpg,data/person_dataset_seed123/images/test/frame_000075.jpg,16,288,599,388,680
test,images/test/frame_000075_person_17.jpg,data/person_dataset_seed123/images/test/frame_000075.jpg,17,212,575,299,641
test,images/test/frame_000075_person_18.jpg,data/person_dataset_seed123/images/test/frame_000075.jpg,18,109,542,189,611
test,images/test/frame_000075_person_19.jpg,data/person_dataset_seed123/images/test/frame_000075.jpg,19,74,404,139,458
test,images/test/frame_000079_person_00.jpg,data/person_dataset_seed123/images/test/frame_000079.jpg,0,533,8,625,92
test,images/test/frame_000079_person_01.jpg,data/person_dataset_seed123/images/test/frame_000079.jpg,1,428,0,523,69
test,images/test/frame_000079_person_02.jpg,data/person_dataset_seed123/images/test/frame_000079.jpg,2,332,32,449,89
test,images/test/frame_000079_person_03.jpg,data/person_dataset_seed123/images/test/frame_000079.jpg,3,207,39,297,116
test,images/test/frame_000079_person_04.jpg,data/person_dataset_seed123/images/test/frame_000079.jpg,4,117,90,179,143
test,images/test/frame_000079_person_05.jpg,data/person_dataset_seed123/images/test/frame_000079.jpg,5,206,125,294,226
test,images/test/frame_000079_person_06.jpg,data/person_dataset_seed123/images/test/frame_000079.jpg,6,293,89,372,205
test,images/test/frame_000079_person_07.jpg,data/person_dataset_seed123/images/test/frame_000079.jpg,7,158,144,223,232
test,images/test/frame_000079_person_08.jpg,data/person_dataset_seed123/images/test/frame_000079.jpg,8,107,183,175,237
test,images/test/frame_000079_person_09.jpg,data/person_dataset_seed123/images/test/frame_000079.jpg,9,75,403,142,456
test,images/test/frame_000079_person_10.jpg,data/person_dataset_seed123/images/test/frame_000079.jpg,10,110,546,180,617
test,images/test/frame_000079_person_11.jpg,data/person_dataset_seed123/images/test/frame_000079.jpg,11,213,578,294,635
test,images/test/frame_000079_person_12.jpg,data/person_dataset_seed123/images/test/frame_000079.jpg,12,290,598,375,676
test,images/test/frame_000079_person_13.jpg,data/person_dataset_seed123/images/test/frame_000079.jpg,13,562,484,676,597
test,images/test/frame_000079_person_14.jpg,data/person_dataset_seed123/images/test/frame_000079.jpg,14,703,459,793,548
test,images/test/frame_000079_person_15.jpg,data/person_dataset_seed123/images/test/frame_000079.jpg,15,677,596,762,658
test,images/test/frame_000079_person_16.jpg,data/person_dataset_seed123/images/test/frame_000079.jpg,16,561,640,641,703
test,images/test/frame_000079_person_17.jpg,data/person_dataset_seed123/images/test/frame_000079.jpg,17,688,162,794,225
test,images/test/frame_000079_person_18.jpg,data/person_dataset_seed123/images/test/frame_000079.jpg,18,686,298,792,399
test,images/test/frame_000079_person_19.jpg,data/person_dataset_seed123/images/test/frame_000079.jpg,19,586,284,703,412
test,images/test/frame_000091_person_00.jpg,data/person_dataset_seed123/images/test/frame_000091.jpg,0,523,5,623,109
test,images/test/frame_000091_person_01.jpg,data/person_dataset_seed123/images/test/frame_000091.jpg,1,425,0,524,80
test,images/test/frame_000091_person_02.jpg,data/person_dataset_seed123/images/test/frame_000091.jpg,2,340,30,435,97
test,images/test/frame_000091_person_03.jpg,data/person_dataset_seed123/images/test/frame_000091.jpg,3,215,42,303,124
test,images/test/frame_000091_person_04.jpg,data/person_dataset_seed123/images/test/frame_000091.jpg,4,116,82,194,147
test,images/test/frame_000091_person_05.jpg,data/person_dataset_seed123/images/test/frame_000091.jpg,5,295,89,378,208
test,images/test/frame_000091_person_06.jpg,data/person_dataset_seed123/images/test/frame_000091.jpg,6,207,135,287,254
test,images/test/frame_000091_person_07.jpg,data/person_dataset_seed123/images/test/frame_000091.jpg,7,175,127,225,230
test,images/test/frame_000091_person_08.jpg,data/person_dataset_seed123/images/test/frame_000091.jpg,8,104,179,185,236
test,images/test/frame_000091_person_09.jpg,data/person_dataset_seed123/images/test/frame_000091.jpg,9,72,402,154,455
test,images/test/frame_000091_person_10.jpg,data/person_dataset_seed123/images/test/frame_000091.jpg,10,159,453,254,545
test,images/test/frame_000091_person_11.jpg,data/person_dataset_seed123/images/test/frame_000091.jpg,11,107,544,182,617
test,images/test/frame_000091_person_12.jpg,data/person_dataset_seed123/images/test/frame_000091.jpg,12,212,575,302,634
test,images/test/frame_000091_person_13.jpg,data/person_dataset_seed123/images/test/frame_000091.jpg,13,292,596,376,675
test,images/test/frame_000091_person_14.jpg,data/person_dataset_seed123/images/test/frame_000091.jpg,14,557,478,686,591
test,images/test/frame_000091_person_15.jpg,data/person_dataset_seed123/images/test/frame_000091.jpg,15,705,456,794,553
test,images/test/frame_000091_person_16.jpg,data/person_dataset_seed123/images/test/frame_000091.jpg,16,553,639,650,704
test,images/test/frame_000091_person_17.jpg,data/person_dataset_seed123/images/test/frame_000091.jpg,17,684,591,762,669
test,images/test/frame_000091_person_18.jpg,data/person_dataset_seed123/images/test/frame_000091.jpg,18,683,161,799,224
test,images/test/frame_000091_person_19.jpg,data/person_dataset_seed123/images/test/frame_000091.jpg,19,694,300,789,407
test,images/test/frame_000091_person_20.jpg,data/person_dataset_seed123/images/test/frame_000091.jpg,20,585,287,707,410
test,images/test/frame_000095_person_00.jpg,data/person_dataset_seed123/images/test/frame_000095.jpg,0,142,452,257,539
test,images/test/frame_000095_person_01.jpg,data/person_dataset_seed123/images/test/frame_000095.jpg,1,73,406,152,460
test,images/test/frame_000095_person_02.jpg,data/person_dataset_seed123/images/test/frame_000095.jpg,2,108,544,184,619
test,images/test/frame_000095_person_03.jpg,data/person_dataset_seed123/images/test/frame_000095.jpg,3,210,572,302,639
test,images/test/frame_000095_person_04.jpg,data/person_dataset_seed123/images/test/frame_000095.jpg,4,291,602,374,674
test,images/test/frame_000095_person_05.jpg,data/person_dataset_seed123/images/test/frame_000095.jpg,5,557,475,689,597
test,images/test/frame_000095_person_06.jpg,data/person_dataset_seed123/images/test/frame_000095.jpg,6,705,459,794,552
test,images/test/frame_000095_person_07.jpg,data/person_dataset_seed123/images/test/frame_000095.jpg,7,684,593,761,671
test,images/test/frame_000095_person_08.jpg,data/person_dataset_seed123/images/test/frame_000095.jpg,8,558,630,651,704
test,images/test/frame_000095_person_09.jpg,data/person_dataset_seed123/images/test/frame_000095.jpg,9,583,288,707,413
test,images/test/frame_000095_person_10.jpg,data/person_dataset_seed123/images/test/frame_000095.jpg,10,690,300,795,401
test,images/test/frame_000095_person_11.jpg,data/person_dataset_seed123/images/test/frame_000095.jpg,11,686,162,798,226
test,images/test/frame_000095_person_12.jpg,data/person_dataset_seed123/images/test/frame_000095.jpg,12,523,8,623,101
test,images/test/frame_000095_person_13.jpg,data/person_dataset_seed123/images/test/frame_000095.jpg,13,419,0,523,78
test,images/test/frame_000095_person_14.jpg,data/person_dataset_seed123/images/test/frame_000095.jpg,14,337,29,441,97
test,images/test/frame_000095_person_15.jpg,data/person_dataset_seed123/images/test/frame_000095.jpg,15,293,92,376,203
test,images/test/frame_000095_person_16.jpg,data/person_dataset_seed123/images/test/frame_000095.jpg,16,210,143,302,247
test,images/test/frame_000095_person_17.jpg,data/person_dataset_seed123/images/test/frame_000095.jpg,17,175,97,217,209
test,images/test/frame_000095_person_18.jpg,data/person_dataset_seed123/images/test/frame_000095.jpg,18,219,39,302,139
test,images/test/frame_000095_person_19.jpg,data/person_dataset_seed123/images/test/frame_000095.jpg,19,122,83,186,149
test,images/test/frame_000095_person_20.jpg,data/person_dataset_seed123/images/test/frame_000095.jpg,20,105,179,184,241
test,images/test/frame_000107_person_00.jpg,data/person_dataset_seed123/images/test/frame_000107.jpg,0,682,163,798,221
test,images/test/frame_000107_person_01.jpg,data/person_dataset_seed123/images/test/frame_000107.jpg,1,686,299,790,398
test,images/test/frame_000107_person_02.jpg,data/person_dataset_seed123/images/test/frame_000107.jpg,2,588,290,707,409
test,images/test/frame_000107_person_03.jpg,data/person_dataset_seed123/images/test/frame_000107.jpg,3,704,457,792,557
test,images/test/frame_000107_person_04.jpg,data/person_dataset_seed123/images/test/frame_000107.jpg,4,560,479,675,604
test,images/test/frame_000107_person_05.jpg,data/person_dataset_seed123/images/test/frame_000107.jpg,5,676,600,762,663
test,images/test/frame_000107_person_06.jpg,data/person_dataset_seed123/images/test/frame_000107.jpg,6,556,634,649,704
test,images/test/frame_000107_person_07.jpg,data/person_dataset_seed123/images/test/frame_000107.jpg,7,291,596,373,676
test,images/test/frame_000107_person_08.jpg,data/person_dataset_seed123/images/test/frame_000107.jpg,8,208,576,301,639
test,images/test/frame_000107_person_09.jpg,data/person_dataset_seed123/images/test/frame_000107.jpg,9,145,436,267,553
test,images/test/frame_000107_person_10.jpg,data/person_dataset_seed123/images/test/frame_000107.jpg,10,72,404,157,458
test,images/test/frame_000107_person_11.jpg,data/person_dataset_seed123/images/test/frame_000107.jpg,11,107,543,187,618
test,images/test/frame_000107_person_12.jpg,data/person_dataset_seed123/images/test/frame_000107.jpg,12,522,0,626,104
test,images/test/frame_000107_person_13.jpg,data/person_dataset_seed123/images/test/frame_000107.jpg,13,421,0,525,79
test,images/test/frame_000107_person_14.jpg,data/person_dataset_seed123/images/test/frame_000107.jpg,14,337,27,431,94
test,images/test/frame_000107_person_15.jpg,data/person_dataset_seed123/images/test/frame_000107.jpg,15,214,42,303,120
test,images/test/frame_000107_person_16.jpg,data/person_dataset_seed123/images/test/frame_000107.jpg,16,272,121,376,201
test,images/test/frame_000107_person_17.jpg,data/person_dataset_seed123/images/test/frame_000107.jpg,17,212,145,291,246
test,images/test/frame_000107_person_18.jpg,data/person_dataset_seed123/images/test/frame_000107.jpg,18,135,83,254,167
test,images/test/frame_000107_person_19.jpg,data/person_dataset_seed123/images/test/frame_000107.jpg,19,121,91,175,147
test,images/test/frame_000107_person_20.jpg,data/person_dataset_seed123/images/test/frame_000107.jpg,20,102,185,185,236
test,images/test/frame_000112_person_00.jpg,data/person_dataset_seed123/images/test/frame_000112.jpg,0,524,3,622,100
test,images/test/frame_000112_person_01.jpg,data/person_dataset_seed123/images/test/frame_000112.jpg,1,422,0,523,86
test,images/test/frame_000112_person_02.jpg,data/person_dataset_seed123/images/test/frame_000112.jpg,2,335,29,436,96
test,images/test/frame_000112_person_03.jpg,data/person_dataset_seed123/images/test/frame_000112.jpg,3,218,41,302,127
test,images/test/frame_000112_person_04.jpg,data/person_dataset_seed123/images/test/frame_000112.jpg,4,132,75,255,164
test,images/test/frame_000112_person_05.jpg,data/person_dataset_seed123/images/test/frame_000112.jpg,5,118,87,173,150
test,images/test/frame_000112_person_06.jpg,data/person_dataset_seed123/images/test/frame_000112.jpg,6,103,185,189,237
test,images/test/frame_000112_person_07.jpg,data/person_dataset_seed123/images/test/frame_000112.jpg,7,214,148,298,253
test,images/test/frame_000112_person_08.jpg,data/person_dataset_seed123/images/test/frame_000112.jpg,8,273,120,376,204
test,images/test/frame_000112_person_09.jpg,data/person_dataset_seed123/images/test/frame_000112.jpg,9,686,166,798,217
test,images/test/frame_000112_person_10.jpg,data/person_dataset_seed123/images/test/frame_000112.jpg,10,693,296,796,411
test,images/test/frame_000112_person_11.jpg,data/person_dataset_seed123/images/test/frame_000112.jpg,11,583,288,711,408
test,images/test/frame_000112_person_12.jpg,data/person_dataset_seed123/images/test/frame_000112.jpg,12,704,460,795,549
test,images/test/frame_000112_person_13.jpg,data/person_dataset_seed123/images/test/frame_000112.jpg,13,561,474,672,607
test,images/test/frame_000112_person_14.jpg,data/person_dataset_seed123/images/test/frame_000112.jpg,14,556,637,647,703
test,images/test/frame_000112_person_15.jpg,data/person_dataset_seed123/images/test/frame_000112.jpg,15,677,605,760,666
test,images/test/frame_000112_person_16.jpg,data/person_dataset_seed123/images/test/frame_000112.jpg,16,291,594,377,679
test,images/test/frame_000112_person_17.jpg,data/person_dataset_seed123/images/test/frame_000112.jpg,17,212,572,303,638
test,images/test/frame_000112_person_18.jpg,data/person_dataset_seed123/images/test/frame_000112.jpg,18,107,546,202,615
test,images/test/frame_000112_person_19.jpg,data/person_dataset_seed123/images/test/frame_000112.jpg,19,143,434,266,550
test,images/test/frame_000112_person_20.jpg,data/person_dataset_seed123/images/test/frame_000112.jpg,20,73,405,156,460
test,images/test/frame_000116_person_00.jpg,data/person_dataset_seed123/images/test/frame_000116.jpg,0,129,84,217,168
test,images/test/frame_000116_person_01.jpg,data/person_dataset_seed123/images/test/frame_000116.jpg,1,219,45,300,125
test,images/test/frame_000116_person_02.jpg,data/person_dataset_seed123/images/test/frame_000116.jpg,2,222,151,301,254
test,images/test/frame_000116_person_03.jpg,data/person_dataset_seed123/images/test/frame_000116.jpg,3,106,190,183,237
test,images/test/frame_000116_person_04.jpg,data/person_dataset_seed123/images/test/frame_000116.jpg,4,273,120,377,205
test,images/test/frame_000116_person_05.jpg,data/person_dataset_seed123/images/test/frame_000116.jpg,5,338,29,430,96
test,images/test/frame_000116_person_06.jpg,data/person_dataset_seed123/images/test/frame_000116.jpg,6,419,0,524,101
test,images/test/frame_000116_person_07.jpg,data/person_dataset_seed123/images/test/frame_000116.jpg,7,522,4,624,102
test,images/test/frame_000116_person_08.jpg,data/person_dataset_seed123/images/test/frame_000116.jpg,8,681,164,802,222
test,images/test/frame_000116_person_09.jpg,data/person_dataset_seed123/images/test/frame_000116.jpg,9,578,310,713,415
test,images/test/frame_000116_person_10.jpg,data/person_dataset_seed123/images/test/frame_000116.jpg,10,693,294,795,397
test,images/test/frame_000116_person_11.jpg,data/person_dataset_seed123/images/test/frame_000116.jpg,11,703,459,793,556
test,images/test/frame_000116_person_12.jpg,data/person_dataset_seed123/images/test/frame_000116.jpg,12,559,475,673,607
test,images/test/frame_000116_person_13.jpg,data/person_dataset_seed123/images/test/frame_000116.jpg,13,556,635,652,703
test,images/test/frame_000116_person_14.jpg,data/person_dataset_seed123/images/test/frame_000116.jpg,14,677,603,761,667
test,images/test/frame_000116_person_15.jpg,data/person_dataset_seed123/images/test/frame_000116.jpg,15,290,598,376,677
test,images/test/frame_000116_person_16.jpg,data/person_dataset_seed123/images/test/frame_000116.jpg,16,207,574,300,641
test,images/test/frame_000116_person_17.jpg,data/person_dataset_seed123/images/test/frame_000116.jpg,17,141,440,267,540
test,images/test/frame_000116_person_18.jpg,data/person_dataset_seed123/images/test/frame_000116.jpg,18,71,407,156,457
test,images/test/frame_000116_person_19.jpg,data/person_dataset_seed123/images/test/frame_000116.jpg,19,108,542,193,619
test,images/test/frame_000126_person_00.jpg,data/person_dataset_seed123/images/test/frame_000126.jpg,0,683,164,798,224
test,images/test/frame_000126_person_01.jpg,data/person_dataset_seed123/images/test/frame_000126.jpg,1,693,298,797,403
test,images/test/frame_000126_person_02.jpg,data/person_dataset_seed123/images/test/frame_000126.jpg,2,582,315,706,403
test,images/test/frame_000126_person_03.jpg,data/person_dataset_seed123/images/test/frame_000126.jpg,3,703,459,795,553
test,images/test/frame_000126_person_04.jpg,data/person_dataset_seed123/images/test/frame_000126.jpg,4,564,475,672,605
test,images/test/frame_000126_person_05.jpg,data/person_dataset_seed123/images/test/frame_000126.jpg,5,674,600,764,663
test,images/test/frame_000126_person_06.jpg,data/person_dataset_seed123/images/test/frame_000126.jpg,6,555,631,651,704
test,images/test/frame_000126_person_07.jpg,data/person_dataset_seed123/images/test/frame_000126.jpg,7,288,598,386,677
test,images/test/frame_000126_person_08.jpg,data/person_dataset_seed123/images/test/frame_000126.jpg,8,211,574,301,642
test,images/test/frame_000126_person_09.jpg,data/person_dataset_seed123/images/test/frame_000126.jpg,9,111,546,190,616
test,images/test/frame_000126_person_10.jpg,data/person_dataset_seed123/images/test/frame_000126.jpg,10,73,405,151,456
test,images/test/frame_000126_person_11.jpg,data/person_dataset_seed123/images/test/frame_000126.jpg,11,523,7,625,101
test,images/test/frame_000126_person_12.jpg,data/person_dataset_seed123/images/test/frame_000126.jpg,12,419,0,524,78
test,images/test/frame_000126_person_13.jpg,data/person_dataset_seed123/images/test/frame_000126.jpg,13,344,0,435,92
test,images/test/frame_000126_person_14.jpg,data/person_dataset_seed123/images/test/frame_000126.jpg,14,281,111,379,206
test,images/test/frame_000126_person_15.jpg,data/person_dataset_seed123/images/test/frame_000126.jpg,15,217,41,300,127
test,images/test/frame_000126_person_16.jpg,data/person_dataset_seed123/images/test/frame_000126.jpg,16,209,147,294,247
test,images/test/frame_000126_person_17.jpg,data/person_dataset_seed123/images/test/frame_000126.jpg,17,107,183,187,242
test,images/test/frame_000126_person_18.jpg,data/person_dataset_seed123/images/test/frame_000126.jpg,18,117,89,206,146
test,images/test/frame_000126_person_19.jpg,data/person_dataset_seed123/images/test/frame_000126.jpg,19,76,129,162,182
test,images/test/frame_000126_person_20.jpg,data/person_dataset_seed123/images/test/frame_000126.jpg,20,147,490,246,543
test,images/test/frame_000141_person_00.jpg,data/person_dataset_seed123/images/test/frame_000141.jpg,0,74,407,137,455
test,images/test/frame_000141_person_01.jpg,data/person_dataset_seed123/images/test/frame_000141.jpg,1,108,545,188,610
test,images/test/frame_000141_person_02.jpg,data/person_dataset_seed123/images/test/frame_000141.jpg,2,208,573,298,634
test,images/test/frame_000141_person_03.jpg,data/person_dataset_seed123/images/test/frame_000141.jpg,3,289,597,387,676
test,images/test/frame_000141_person_04.jpg,data/person_dataset_seed123/images/test/frame_000141.jpg,4,589,326,728,423
test,images/test/frame_000141_person_05.jpg,data/person_dataset_seed123/images/test/frame_000141.jpg,5,697,296,794,404
test,images/test/frame_000141_person_06.jpg,data/person_dataset_seed123/images/test/frame_000141.jpg,6,150,482,250,547
test,images/test/frame_000141_person_07.jpg,data/person_dataset_seed123/images/test/frame_000141.jpg,7,684,161,798,229
test,images/test/frame_000141_person_08.jpg,data/person_dataset_seed123/images/test/frame_000141.jpg,8,700,457,796,554
test,images/test/frame_000141_person_09.jpg,data/person_dataset_seed123/images/test/frame_000141.jpg,9,564,481,672,606
test,images/test/frame_000141_person_10.jpg,data/person_dataset_seed123/images/test/frame_000141.jpg,10,552,633,654,705
test,images/test/frame_000141_person_11.jpg,data/person_dataset_seed123/images/test/frame_000141.jpg,11,679,599,761,661
test,images/test/frame_000141_person_12.jpg,data/person_dataset_seed123/images/test/frame_000141.jpg,12,524,4,626,104
test,images/test/frame_000141_person_13.jpg,data/person_dataset_seed123/images/test/frame_000141.jpg,13,420,0,524,85
test,images/test/frame_000141_person_14.jpg,data/person_dataset_seed123/images/test/frame_000141.jpg,14,295,0,391,117
test,images/test/frame_000141_person_15.jpg,data/person_dataset_seed123/images/test/frame_000141.jpg,15,217,39,297,121
test,images/test/frame_000141_person_16.jpg,data/person_dataset_seed123/images/test/frame_000141.jpg,16,284,101,376,200
test,images/test/frame_000141_person_17.jpg,data/person_dataset_seed123/images/test/frame_000141.jpg,17,204,148,298,247
test,images/test/frame_000141_person_18.jpg,data/person_dataset_seed123/images/test/frame_000141.jpg,18,103,185,187,237
test,images/test/frame_000141_person_19.jpg,data/person_dataset_seed123/images/test/frame_000141.jpg,19,120,83,198,148
test,images/test/frame_000145_person_00.jpg,data/person_dataset_seed123/images/test/frame_000145.jpg,0,528,3,621,102
test,images/test/frame_000145_person_01.jpg,data/person_dataset_seed123/images/test/frame_000145.jpg,1,420,0,524,84
test,images/test/frame_000145_person_02.jpg,data/person_dataset_seed123/images/test/frame_000145.jpg,2,261,0,372,126
test,images/test/frame_000145_person_03.jpg,data/person_dataset_seed123/images/test/frame_000145.jpg,3,287,106,375,199
test,images/test/frame_000145_person_04.jpg,data/person_dataset_seed123/images/test/frame_000145.jpg,4,216,40,298,120
test,images/test/frame_000145_person_05.jpg,data/person_dataset_seed123/images/test/frame_000145.jpg,5,205,149,301,236
test,images/test/frame_000145_person_06.jpg,data/person_dataset_seed123/images/test/frame_000145.jpg,6,118,87,193,146
test,images/test/frame_000145_person_07.jpg,data/person_dataset_seed123/images/test/frame_000145.jpg,7,101,184,186,239
test,images/test/frame_000145_person_08.jpg,data/person_dataset_seed123/images/test/frame_000145.jpg,8,75,394,140,461
test,images/test/frame_000145_person_09.jpg,data/person_dataset_seed123/images/test/frame_000145.jpg,9,106,545,191,602
test,images/test/frame_000145_person_10.jpg,data/person_dataset_seed123/images/test/frame_000145.jpg,10,145,478,263,541
test,images/test/frame_000145_person_11.jpg,data/person_dataset_seed123/images/test/frame_000145.jpg,11,211,574,296,633
test,images/test/frame_000145_person_12.jpg,data/person_dataset_seed123/images/test/frame_000145.jpg,12,291,594,384,678
test,images/test/frame_000145_person_13.jpg,data/person_dataset_seed123/images/test/frame_000145.jpg,13,555,474,672,609
test,images/test/frame_000145_person_14.jpg,data/person_dataset_seed123/images/test/frame_000145.jpg,14,701,459,796,553
test,images/test/frame_000145_person_15.jpg,data/person_dataset_seed123/images/test/frame_000145.jpg,15,673,600,762,659
test,images/test/frame_000145_person_16.jpg,data/person_dataset_seed123/images/test/frame_000145.jpg,16,554,634,652,704
test,images/test/frame_000145_person_17.jpg,data/person_dataset_seed123/images/test/frame_000145.jpg,17,585,322,715,424
test,images/test/frame_000145_person_18.jpg,data/person_dataset_seed123/images/test/frame_000145.jpg,18,694,293,796,409
test,images/test/frame_000145_person_19.jpg,data/person_dataset_seed123/images/test/frame_000145.jpg,19,683,161,797,228
test,images/test/frame_000155_person_00.jpg,data/person_dataset_seed123/images/test/frame_000155.jpg,0,528,0,617,103
test,images/test/frame_000155_person_01.jpg,data/person_dataset_seed123/images/test/frame_000155.jpg,1,422,0,523,85
test,images/test/frame_000155_person_02.jpg,data/person_dataset_seed123/images/test/frame_000155.jpg,2,283,104,378,203
test,images/test/frame_000155_person_03.jpg,data/person_dataset_seed123/images/test/frame_000155.jpg,3,215,39,302,121
test,images/test/frame_000155_person_04.jpg,data/person_dataset_seed123/images/test/frame_000155.jpg,4,132,77,242,163
test,images/test/frame_000155_person_05.jpg,data/person_dataset_seed123/images/test/frame_000155.jpg,5,99,182,186,236
test,images/test/frame_000155_person_06.jpg,data/person_dataset_seed123/images/test/frame_000155.jpg,6,206,145,298,245
test,images/test/frame_000155_person_07.jpg,data/person_dataset_seed123/images/test/frame_000155.jpg,7,72,404,136,458
test,images/test/frame_000155_person_08.jpg,data/person_dataset_seed123/images/test/frame_000155.jpg,8,110,546,170,617
test,images/test/frame_000155_person_09.jpg,data/person_dataset_seed123/images/test/frame_000155.jpg,9,144,477,266,542
test,images/test/frame_000155_person_10.jpg,data/person_dataset_seed123/images/test/frame_000155.jpg,10,207,575,301,636
test,images/test/frame_000155_person_11.jpg,data/person_dataset_seed123/images/test/frame_000155.jpg,11,289,597,383,678
test,images/test/frame_000167_person_00.jpg,data/person_dataset_seed123/images/test/frame_000167.jpg,0,71,403,134,455
test,images/test/frame_000167_person_01.jpg,data/person_dataset_seed123/images/test/frame_000167.jpg,1,111,544,186,612
test,images/test/frame_000167_person_02.jpg,data/person_dataset_seed123/images/test/frame_000167.jpg,2,143,493,252,541
test,images/test/frame_000167_person_03.jpg,data/person_dataset_seed123/images/test/frame_000167.jpg,3,206,568,299,641
test,images/test/frame_000167_person_04.jpg,data/person_dataset_seed123/images/test/frame_000167.jpg,4,289,598,386,676
test,images/test/frame_000167_person_05.jpg,data/person_dataset_seed123/images/test/frame_000167.jpg,5,562,474,673,604
test,images/test/frame_000167_person_06.jpg,data/person_dataset_seed123/images/test/frame_000167.jpg,6,707,459,792,553
test,images/test/frame_000167_person_07.jpg,data/person_dataset_seed123/images/test/frame_000167.jpg,7,677,592,764,663
test,images/test/frame_000167_person_08.jpg,data/person_dataset_seed123/images/test/frame_000167.jpg,8,557,633,651,702
test,images/test/frame_000167_person_09.jpg,data/person_dataset_seed123/images/test/frame_000167.jpg,9,586,304,706,412
test,images/test/frame_000167_person_10.jpg,data/person_dataset_seed123/images/test/frame_000167.jpg,10,693,296,800,404
test,images/test/frame_000167_person_11.jpg,data/person_dataset_seed123/images/test/frame_000167.jpg,11,687,160,795,237
test,images/test/frame_000167_person_12.jpg,data/person_dataset_seed123/images/test/frame_000167.jpg,12,529,2,617,98
test,images/test/frame_000167_person_13.jpg,data/person_dataset_seed123/images/test/frame_000167.jpg,13,426,0,523,82
test,images/test/frame_000167_person_14.jpg,data/person_dataset_seed123/images/test/frame_000167.jpg,14,284,101,375,205
test,images/test/frame_000167_person_15.jpg,data/person_dataset_seed123/images/test/frame_000167.jpg,15,216,41,302,123
test,images/test/frame_000167_person_16.jpg,data/person_dataset_seed123/images/test/frame_000167.jpg,16,206,150,299,248
test,images/test/frame_000167_person_17.jpg,data/person_dataset_seed123/images/test/frame_000167.jpg,17,97,186,191,238
test,images/test/frame_000167_person_18.jpg,data/person_dataset_seed123/images/test/frame_000167.jpg,18,120,83,191,147
test,images/test/frame_000167_person_19.jpg,data/person_dataset_seed123/images/test/frame_000167.jpg,19,38,142,136,204
test,images/test/frame_000175_person_00.jpg,data/person_dataset_seed123/images/test/frame_000175.jpg,0,525,3,618,103
test,images/test/frame_000175_person_01.jpg,data/person_dataset_seed123/images/test/frame_000175.jpg,1,424,0,522,80
test,images/test/frame_000175_person_02.jpg,data/person_dataset_seed123/images/test/frame_000175.jpg,2,285,100,375,204
test,images/test/frame_000175_person_03.jpg,data/person_dataset_seed123/images/test/frame_000175.jpg,3,205,127,301,241
test,images/test/frame_000175_person_04.jpg,data/person_dataset_seed123/images/test/frame_000175.jpg,4,215,38,303,126
test,images/test/frame_000175_person_05.jpg,data/person_dataset_seed123/images/test/frame_000175.jpg,5,120,87,200,152
test,images/test/frame_000175_person_06.jpg,data/person_dataset_seed123/images/test/frame_000175.jpg,6,99,187,188,235
test,images/test/frame_000175_person_07.jpg,data/person_dataset_seed123/images/test/frame_000175.jpg,7,74,393,135,457
test,images/test/frame_000175_person_08.jpg,data/person_dataset_seed123/images/test/frame_000175.jpg,8,109,545,178,618
test,images/test/frame_000175_person_09.jpg,data/person_dataset_seed123/images/test/frame_000175.jpg,9,210,576,298,639
test,images/test/frame_000175_person_10.jpg,data/person_dataset_seed123/images/test/frame_000175.jpg,10,290,595,383,677
test,images/test/frame_000175_person_11.jpg,data/person_dataset_seed123/images/test/frame_000175.jpg,11,556,478,673,604
test,images/test/frame_000175_person_12.jpg,data/person_dataset_seed123/images/test/frame_000175.jpg,12,704,459,793,552
test,images/test/frame_000175_person_13.jpg,data/person_dataset_seed123/images/test/frame_000175.jpg,13,669,594,761,664
test,images/test/frame_000175_person_14.jpg,data/person_dataset_seed123/images/test/frame_000175.jpg,14,555,630,653,704
test,images/test/frame_000175_person_15.jpg,data/person_dataset_seed123/images/test/frame_000175.jpg,15,683,154,796,233
test,images/test/frame_000175_person_16.jpg,data/person_dataset_seed123/images/test/frame_000175.jpg,16,587,303,707,409
test,images/test/frame_000175_person_17.jpg,data/person_dataset_seed123/images/test/frame_000175.jpg,17,689,294,798,406
test,images/test/frame_000175_person_18.jpg,data/person_dataset_seed123/images/test/frame_000175.jpg,18,33,157,113,202
test,images/test/frame_000178_person_00.jpg,data/person_dataset_seed123/images/test/frame_000178.jpg,0,48,157,108,212
test,images/test/frame_000178_person_01.jpg,data/person_dataset_seed123/images/test/frame_000178.jpg,1,107,193,186,236
test,images/test/frame_000178_person_02.jpg,data/person_dataset_seed123/images/test/frame_000178.jpg,2,208,127,299,239
test,images/test/frame_000178_person_03.jpg,data/person_dataset_seed123/images/test/frame_000178.jpg,3,286,100,377,207
test,images/test/frame_000178_person_04.jpg,data/person_dataset_seed123/images/test/frame_000178.jpg,4,215,40,302,123
test,images/test/frame_000178_person_05.jpg,data/person_dataset_seed123/images/test/frame_000178.jpg,5,424,0,522,83
test,images/test/frame_000178_person_06.jpg,data/person_dataset_seed123/images/test/frame_000178.jpg,6,528,1,619,99
test,images/test/frame_000178_person_07.jpg,data/person_dataset_seed123/images/test/frame_000178.jpg,7,691,154,793,236
test,images/test/frame_000178_person_08.jpg,data/person_dataset_seed123/images/test/frame_000178.jpg,8,682,292,794,403
test,images/test/frame_000178_person_09.jpg,data/person_dataset_seed123/images/test/frame_000178.jpg,9,583,302,703,403
test,images/test/frame_000178_person_10.jpg,data/person_dataset_seed123/images/test/frame_000178.jpg,10,702,460,791,555
test,images/test/frame_000178_person_11.jpg,data/person_dataset_seed123/images/test/frame_000178.jpg,11,562,477,673,606
test,images/test/frame_000178_person_12.jpg,data/person_dataset_seed123/images/test/frame_000178.jpg,12,554,631,652,705
test,images/test/frame_000178_person_13.jpg,data/person_dataset_seed123/images/test/frame_000178.jpg,13,681,594,762,661
test,images/test/frame_000178_person_14.jpg,data/person_dataset_seed123/images/test/frame_000178.jpg,14,287,597,384,675
test,images/test/frame_000178_person_15.jpg,data/person_dataset_seed123/images/test/frame_000178.jpg,15,208,574,292,637
test,images/test/frame_000178_person_16.jpg,data/person_dataset_seed123/images/test/frame_000178.jpg,16,108,545,198,613
test,images/test/frame_000178_person_17.jpg,data/person_dataset_seed123/images/test/frame_000178.jpg,17,73,394,139,460
test,images/test/frame_000178_person_18.jpg,data/person_dataset_seed123/images/test/frame_000178.jpg,18,119,85,196,148
test,images/test/frame_000189_person_00.jpg,data/person_dataset_seed123/images/test/frame_000189.jpg,0,61,119,161,190
test,images/test/frame_000189_person_01.jpg,data/person_dataset_seed123/images/test/frame_000189.jpg,1,103,188,189,244
test,images/test/frame_000189_person_02.jpg,data/person_dataset_seed123/images/test/frame_000189.jpg,2,118,89,185,140
test,images/test/frame_000189_person_03.jpg,data/person_dataset_seed123/images/test/frame_000189.jpg,3,215,39,305,124
test,images/test/frame_000189_person_04.jpg,data/person_dataset_seed123/images/test/frame_000189.jpg,4,200,125,301,243
test,images/test/frame_000189_person_05.jpg,data/person_dataset_seed123/images/test/frame_000189.jpg,5,285,103,378,206
test,images/test/frame_000189_person_06.jpg,data/person_dataset_seed123/images/test/frame_000189.jpg,6,422,0,522,88
test,images/test/frame_000189_person_07.jpg,data/person_dataset_seed123/images/test/frame_000189.jpg,7,528,0,618,100
test,images/test/frame_000189_person_08.jpg,data/person_dataset_seed123/images/test/frame_000189.jpg,8,688,155,794,234
test,images/test/frame_000189_person_09.jpg,data/person_dataset_seed123/images/test/frame_000189.jpg,9,694,295,796,401
test,images/test/frame_000189_person_10.jpg,data/person_dataset_seed123/images/test/frame_000189.jpg,10,585,306,707,403
test,images/test/frame_000189_person_11.jpg,data/person_dataset_seed123/images/test/frame_000189.jpg,11,701,457,796,556
test,images/test/frame_000189_person_12.jpg,data/person_dataset_seed123/images/test/frame_000189.jpg,12,676,591,762,665
test,images/test/frame_000189_person_13.jpg,data/person_dataset_seed123/images/test/frame_000189.jpg,13,556,638,647,703
test,images/test/frame_000189_person_14.jpg,data/person_dataset_seed123/images/test/frame_000189.jpg,14,560,477,673,607
test,images/test/frame_000189_person_15.jpg,data/person_dataset_seed123/images/test/frame_000189.jpg,15,72,403,152,458
test,images/test/frame_000189_person_16.jpg,data/person_dataset_seed123/images/test/frame_000189.jpg,16,146,484,256,534
test,images/test/frame_000189_person_17.jpg,data/person_dataset_seed123/images/test/frame_000189.jpg,17,109,546,183,614
test,images/test/frame_000189_person_18.jpg,data/person_dataset_seed123/images/test/frame_000189.jpg,18,211,574,299,635
test,images/test/frame_000189_person_19.jpg,data/person_dataset_seed123/images/test/frame_000189.jpg,19,290,601,384,677
test,images/test/frame_000191_person_00.jpg,data/person_dataset_seed123/images/test/frame_000191.jpg,0,689,154,793,235
test,images/test/frame_000191_person_01.jpg,data/person_dataset_seed123/images/test/frame_000191.jpg,1,692,299,795,397
test,images/test/frame_000191_person_02.jpg,data/person_dataset_seed123/images/test/frame_000191.jpg,2,580,308,708,403
test,images/test/frame_000191_person_03.jpg,data/person_dataset_seed123/images/test/frame_000191.jpg,3,699,457,795,556
test,images/test/frame_000191_person_04.jpg,data/person_dataset_seed123/images/test/frame_000191.jpg,4,563,476,674,606
test,images/test/frame_000191_person_05.jpg,data/person_dataset_seed123/images/test/frame_000191.jpg,5,557,633,654,700
test,images/test/frame_000191_person_06.jpg,data/person_dataset_seed123/images/test/frame_000191.jpg,6,673,590,762,662
test,images/test/frame_000191_person_07.jpg,data/person_dataset_seed123/images/test/frame_000191.jpg,7,289,599,383,677
test,images/test/frame_000191_person_08.jpg,data/person_dataset_seed123/images/test/frame_000191.jpg,8,72,116,188,180
test,images/test/frame_000191_person_09.jpg,data/person_dataset_seed123/images/test/frame_000191.jpg,9,121,86,193,130
test,images/test/frame_000191_person_10.jpg,data/person_dataset_seed123/images/test/frame_000191.jpg,10,101,190,186,237
test,images/test/frame_000191_person_11.jpg,data/person_dataset_seed123/images/test/frame_000191.jpg,11,203,130,299,243
test,images/test/frame_000191_person_12.jpg,data/person_dataset_seed123/images/test/frame_000191.jpg,12,285,104,376,203
test,images/test/frame_000191_person_13.jpg,data/person_dataset_seed123/images/test/frame_000191.jpg,13,215,43,304,124
test,images/test/frame_000191_person_14.jpg,data/person_dataset_seed123/images/test/frame_000191.jpg,14,420,0,512,86
test,images/test/frame_000191_person_15.jpg,data/person_dataset_seed123/images/test/frame_000191.jpg,15,515,6,615,96
test,images/test/frame_000191_person_16.jpg,data/person_dataset_seed123/images/test/frame_000191.jpg,16,75,405,153,458
test,images/test/frame_000191_person_17.jpg,data/person_dataset_seed123/images/test/frame_000191.jpg,17,109,547,183,614
test,images/test/frame_000191_person_18.jpg,data/person_dataset_seed123/images/test/frame_000191.jpg,18,146,470,262,531
test,images/test/frame_000191_person_19.jpg,data/person_dataset_seed123/images/test/frame_000191.jpg,19,208,576,303,633
test,images/test/frame_000541_person_00.jpg,data/person_dataset_seed123/images/test/frame_000541.jpg,0,612,13,736,170
test,images/test/frame_000541_person_01.jpg,data/person_dataset_seed123/images/test/frame_000541.jpg,1,511,7,616,99
test,images/test/frame_000541_person_02.jpg,data/person_dataset_seed123/images/test/frame_000541.jpg,2,421,0,524,78
test,images/test/frame_000541_person_03.jpg,data/person_dataset_seed123/images/test/frame_000541.jpg,3,298,83,381,206
test,images/test/frame_000541_person_04.jpg,data/person_dataset_seed123/images/test/frame_000541.jpg,4,202,151,307,229
test,images/test/frame_000541_person_05.jpg,data/person_dataset_seed123/images/test/frame_000541.jpg,5,145,153,223,240
test,images/test/frame_000541_person_06.jpg,data/person_dataset_seed123/images/test/frame_000541.jpg,6,95,188,174,243
test,images/test/frame_000541_person_07.jpg,data/person_dataset_seed123/images/test/frame_000541.jpg,7,121,82,212,153
test,images/test/frame_000541_person_08.jpg,data/person_dataset_seed123/images/test/frame_000541.jpg,8,148,479,259,540
test,images/test/frame_000541_person_09.jpg,data/person_dataset_seed123/images/test/frame_000541.jpg,9,108,539,183,617
test,images/test/frame_000541_person_10.jpg,data/person_dataset_seed123/images/test/frame_000541.jpg,10,228,583,308,666
test,images/test/frame_000541_person_11.jpg,data/person_dataset_seed123/images/test/frame_000541.jpg,11,294,594,389,687
test,images/test/frame_000541_person_12.jpg,data/person_dataset_seed123/images/test/frame_000541.jpg,12,564,477,675,606
test,images/test/frame_000541_person_13.jpg,data/person_dataset_seed123/images/test/frame_000541.jpg,13,703,459,795,556
test,images/test/frame_000541_person_14.jpg,data/person_dataset_seed123/images/test/frame_000541.jpg,14,682,591,759,662
test,images/test/frame_000541_person_15.jpg,data/person_dataset_seed123/images/test/frame_000541.jpg,15,556,634,652,706
test,images/test/frame_000541_person_16.jpg,data/person_dataset_seed123/images/test/frame_000541.jpg,16,689,163,787,238
test,images/test/frame_000541_person_17.jpg,data/person_dataset_seed123/images/test/frame_000541.jpg,17,684,306,793,404
test,images/test/frame_000541_person_18.jpg,data/person_dataset_seed123/images/test/frame_000541.jpg,18,583,279,701,414
test,images/test/frame_000552_person_00.jpg,data/person_dataset_seed123/images/test/frame_000552.jpg,0,686,161,787,238
test,images/test/frame_000552_person_01.jpg,data/person_dataset_seed123/images/test/frame_000552.jpg,1,686,322,795,402
test,images/test/frame_000552_person_02.jpg,data/person_dataset_seed123/images/test/frame_000552.jpg,2,593,283,700,402
test,images/test/frame_000552_person_03.jpg,data/person_dataset_seed123/images/test/frame_000552.jpg,3,705,459,796,548
test,images/test/frame_000552_person_04.jpg,data/person_dataset_seed123/images/test/frame_000552.jpg,4,566,479,681,601
test,images/test/frame_000552_person_05.jpg,data/person_dataset_seed123/images/test/frame_000552.jpg,5,679,594,761,663
test,images/test/frame_000552_person_06.jpg,data/person_dataset_seed123/images/test/frame_000552.jpg,6,562,632,651,704
test,images/test/frame_000552_person_07.jpg,data/person_dataset_seed123/images/test/frame_000552.jpg,7,520,11,644,215
test,images/test/frame_000552_person_08.jpg,data/person_dataset_seed123/images/test/frame_000552.jpg,8,523,5,589,91
test,images/test/frame_000552_person_09.jpg,data/person_dataset_seed123/images/test/frame_000552.jpg,9,424,0,524,87
test,images/test/frame_000552_person_10.jpg,data/person_dataset_seed123/images/test/frame_000552.jpg,10,308,85,390,197
test,images/test/frame_000552_person_11.jpg,data/person_dataset_seed123/images/test/frame_000552.jpg,11,204,151,308,226
test,images/test/frame_000552_person_12.jpg,data/person_dataset_seed123/images/test/frame_000552.jpg,12,152,115,231,219
test,images/test/frame_000552_person_13.jpg,data/person_dataset_seed123/images/test/frame_000552.jpg,13,122,83,192,145
test,images/test/frame_000552_person_14.jpg,data/person_dataset_seed123/images/test/frame_000552.jpg,14,98,186,188,243
test,images/test/frame_000552_person_15.jpg,data/person_dataset_seed123/images/test/frame_000552.jpg,15,108,546,191,616
test,images/test/frame_000552_person_16.jpg,data/person_dataset_seed123/images/test/frame_000552.jpg,16,213,581,309,664
test,images/test/frame_000552_person_17.jpg,data/person_dataset_seed123/images/test/frame_000552.jpg,17,293,595,389,682
test,images/test/frame_000561_person_00.jpg,data/person_dataset_seed123/images/test/frame_000561.jpg,0,467,154,619,331
test,images/test/frame_000561_person_01.jpg,data/person_dataset_seed123/images/test/frame_000561.jpg,1,690,162,783,241
test,images/test/frame_000561_person_02.jpg,data/person_dataset_seed123/images/test/frame_000561.jpg,2,692,321,792,406
test,images/test/frame_000561_person_03.jpg,data/person_dataset_seed123/images/test/frame_000561.jpg,3,587,288,703,410
test,images/test/frame_000561_person_04.jpg,data/person_dataset_seed123/images/test/frame_000561.jpg,4,520,0,612,105
test,images/test/frame_000561_person_05.jpg,data/person_dataset_seed123/images/test/frame_000561.jpg,5,424,0,528,80
test,images/test/frame_000561_person_06.jpg,data/person_dataset_seed123/images/test/frame_000561.jpg,6,310,80,387,205
test,images/test/frame_000561_person_07.jpg,data/person_dataset_seed123/images/test/frame_000561.jpg,7,202,150,300,227
test,images/test/frame_000561_person_08.jpg,data/person_dataset_seed123/images/test/frame_000561.jpg,8,120,85,195,148
test,images/test/frame_000561_person_09.jpg,data/person_dataset_seed123/images/test/frame_000561.jpg,9,139,149,221,232
test,images/test/frame_000561_person_10.jpg,data/person_dataset_seed123/images/test/frame_000561.jpg,10,149,491,254,535
test,images/test/frame_000561_person_11.jpg,data/person_dataset_seed123/images/test/frame_000561.jpg,11,110,539,179,617
test,images/test/frame_000561_person_12.jpg,data/person_dataset_seed123/images/test/frame_000561.jpg,12,213,582,304,663
test,images/test/frame_000561_person_13.jpg,data/person_dataset_seed123/images/test/frame_000561.jpg,13,291,595,371,669
test,images/test/frame_000561_person_14.jpg,data/person_dataset_seed123/images/test/frame_000561.jpg,14,561,477,676,603
test,images/test/frame_000561_person_15.jpg,data/person_dataset_seed123/images/test/frame_000561.jpg,15,703,460,796,550
test,images/test/frame_000561_person_16.jpg,data/person_dataset_seed123/images/test/frame_000561.jpg,16,678,591,761,664
test,images/test/frame_000561_person_17.jpg,data/person_dataset_seed123/images/test/frame_000561.jpg,17,556,631,652,703
test,images/test/frame_000564_person_00.jpg,data/person_dataset_seed123/images/test/frame_000564.jpg,0,500,248,626,399
test,images/test/frame_000564_person_01.jpg,data/person_dataset_seed123/images/test/frame_000564.jpg,1,585,328,711,421
test,images/test/frame_000564_person_02.jpg,data/person_dataset_seed123/images/test/frame_000564.jpg,2,695,321,796,406
test,images/test/frame_000564_person_03.jpg,data/person_dataset_seed123/images/test/frame_000564.jpg,3,687,160,786,234
test,images/test/frame_000564_person_04.jpg,data/person_dataset_seed123/images/test/frame_000564.jpg,4,518,0,616,107
test,images/test/frame_000564_person_05.jpg,data/person_dataset_seed123/images/test/frame_000564.jpg,5,426,0,529,80
test,images/test/frame_000564_person_06.jpg,data/person_dataset_seed123/images/test/frame_000564.jpg,6,309,78,386,208
test,images/test/frame_000564_person_07.jpg,data/person_dataset_seed123/images/test/frame_000564.jpg,7,203,149,307,229
test,images/test/frame_000564_person_08.jpg,data/person_dataset_seed123/images/test/frame_000564.jpg,8,144,143,229,234
test,images/test/frame_000564_person_09.jpg,data/person_dataset_seed123/images/test/frame_000564.jpg,9,103,192,170,241
test,images/test/frame_000564_person_10.jpg,data/person_dataset_seed123/images/test/frame_000564.jpg,10,121,85,191,145
test,images/test/frame_000564_person_11.jpg,data/person_dataset_seed123/images/test/frame_000564.jpg,11,147,487,251,535
test,images/test/frame_000564_person_12.jpg,data/person_dataset_seed123/images/test/frame_000564.jpg,12,110,536,190,618
test,images/test/frame_000564_person_13.jpg,data/person_dataset_seed123/images/test/frame_000564.jpg,13,213,580,308,668
test,images/test/frame_000564_person_14.jpg,data/person_dataset_seed123/images/test/frame_000564.jpg,14,294,594,371,669
test,images/test/frame_000564_person_15.jpg,data/person_dataset_seed123/images/test/frame_000564.jpg,15,560,474,678,607
test,images/test/frame_000564_person_16.jpg,data/person_dataset_seed123/images/test/frame_000564.jpg,16,706,458,794,554
test,images/test/frame_000564_person_17.jpg,data/person_dataset_seed123/images/test/frame_000564.jpg,17,684,595,760,662
test,images/test/frame_000564_person_18.jpg,data/person_dataset_seed123/images/test/frame_000564.jpg,18,557,633,648,702
test,images/test/frame_000575_person_00.jpg,data/person_dataset_seed123/images/test/frame_000575.jpg,0,305,84,378,205
test,images/test/frame_000575_person_01.jpg,data/person_dataset_seed123/images/test/frame_000575.jpg,1,424,0,526,86
test,images/test/frame_000575_person_02.jpg,data/person_dataset_seed123/images/test/frame_000575.jpg,2,521,6,612,98
test,images/test/frame_000575_person_03.jpg,data/person_dataset_seed123/images/test/frame_000575.jpg,3,690,155,788,235
test,images/test/frame_000575_person_04.jpg,data/person_dataset_seed123/images/test/frame_000575.jpg,4,695,301,791,406
test,images/test/frame_000575_person_05.jpg,data/person_dataset_seed123/images/test/frame_000575.jpg,5,591,327,702,410
test,images/test/frame_000575_person_06.jpg,data/person_dataset_seed123/images/test/frame_000575.jpg,6,706,458,794,554
test,images/test/frame_000575_person_07.jpg,data/person_dataset_seed123/images/test/frame_000575.jpg,7,676,592,762,665
test,images/test/frame_000575_person_08.jpg,data/person_dataset_seed123/images/test/frame_000575.jpg,8,566,476,678,605
test,images/test/frame_000575_person_09.jpg,data/person_dataset_seed123/images/test/frame_000575.jpg,9,559,633,653,704
test,images/test/frame_000575_person_10.jpg,data/person_dataset_seed123/images/test/frame_000575.jpg,10,445,468,525,685
test,images/test/frame_000575_person_11.jpg,data/person_dataset_seed123/images/test/frame_000575.jpg,11,293,596,373,670
test,images/test/frame_000575_person_12.jpg,data/person_dataset_seed123/images/test/frame_000575.jpg,12,222,577,303,666
test,images/test/frame_000575_person_13.jpg,data/person_dataset_seed123/images/test/frame_000575.jpg,13,109,538,189,618
test,images/test/frame_000575_person_14.jpg,data/person_dataset_seed123/images/test/frame_000575.jpg,14,149,486,254,534
test,images/test/frame_000575_person_15.jpg,data/person_dataset_seed123/images/test/frame_000575.jpg,15,203,148,300,232
test,images/test/frame_000575_person_16.jpg,data/person_dataset_seed123/images/test/frame_000575.jpg,16,120,85,199,143
test,images/test/frame_000575_person_17.jpg,data/person_dataset_seed123/images/test/frame_000575.jpg,17,146,145,225,235
test,images/test/frame_000575_person_18.jpg,data/person_dataset_seed123/images/test/frame_000575.jpg,18,38,148,123,209
test,images/test/frame_000575_person_19.jpg,data/person_dataset_seed123/images/test/frame_000575.jpg,19,104,187,167,239
test,images/test/frame_000582_person_00.jpg,data/person_dataset_seed123/images/test/frame_000582.jpg,0,78,103,152,185
test,images/test/frame_000582_person_01.jpg,data/person_dataset_seed123/images/test/frame_000582.jpg,1,121,80,190,148
test,images/test/frame_000582_person_02.jpg,data/person_dataset_seed123/images/test/frame_000582.jpg,2,147,145,225,225
test,images/test/frame_000582_person_03.jpg,data/person_dataset_seed123/images/test/frame_000582.jpg,3,203,147,305,242
test,images/test/frame_000582_person_04.jpg,data/person_dataset_seed123/images/test/frame_000582.jpg,4,299,89,386,204
test,images/test/frame_000582_person_05.jpg,data/person_dataset_seed123/images/test/frame_000582.jpg,5,424,0,525,83
test,images/test/frame_000582_person_06.jpg,data/person_dataset_seed123/images/test/frame_000582.jpg,6,522,2,618,95
test,images/test/frame_000582_person_07.jpg,data/person_dataset_seed123/images/test/frame_000582.jpg,7,684,152,783,235
test,images/test/frame_000582_person_08.jpg,data/person_dataset_seed123/images/test/frame_000582.jpg,8,688,301,794,407
test,images/test/frame_000582_person_09.jpg,data/person_dataset_seed123/images/test/frame_000582.jpg,9,587,323,704,419
test,images/test/frame_000582_person_10.jpg,data/person_dataset_seed123/images/test/frame_000582.jpg,10,702,457,796,559
test,images/test/frame_000582_person_11.jpg,data/person_dataset_seed123/images/test/frame_000582.jpg,11,564,476,679,605
test,images/test/frame_000582_person_12.jpg,data/person_dataset_seed123/images/test/frame_000582.jpg,12,677,595,761,663
test,images/test/frame_000582_person_13.jpg,data/person_dataset_seed123/images/test/frame_000582.jpg,13,557,634,651,700
test,images/test/frame_000582_person_14.jpg,data/person_dataset_seed123/images/test/frame_000582.jpg,14,398,492,505,696
test,images/test/frame_000582_person_15.jpg,data/person_dataset_seed123/images/test/frame_000582.jpg,15,291,594,373,667
test,images/test/frame_000582_person_16.jpg,data/person_dataset_seed123/images/test/frame_000582.jpg,16,226,579,305,670
test,images/test/frame_000582_person_17.jpg,data/person_dataset_seed123/images/test/frame_000582.jpg,17,108,546,194,615
test,images/test/frame_000582_person_18.jpg,data/person_dataset_seed123/images/test/frame_000582.jpg,18,150,495,253,535
test,images/test/frame_000586_person_00.jpg,data/person_dataset_seed123/images/test/frame_000586.jpg,0,116,62,195,151
test,images/test/frame_000586_person_01.jpg,data/person_dataset_seed123/images/test/frame_000586.jpg,1,155,137,224,240
test,images/test/frame_000586_person_02.jpg,data/person_dataset_seed123/images/test/frame_000586.jpg,2,205,148,304,232
test,images/test/frame_000586_person_03.jpg,data/person_dataset_seed123/images/test/frame_000586.jpg,3,292,86,388,202
test,images/test/frame_000586_person_04.jpg,data/person_dataset_seed123/images/test/frame_000586.jpg,4,424,0,525,84
test,images/test/frame_000586_person_05.jpg,data/person_dataset_seed123/images/test/frame_000586.jpg,5,518,4,618,94
test,images/test/frame_000586_person_06.jpg,data/person_dataset_seed123/images/test/frame_000586.jpg,6,686,152,785,233
test,images/test/frame_000586_person_07.jpg,data/person_dataset_seed123/images/test/frame_000586.jpg,7,686,307,798,406
test,images/test/frame_000586_person_08.jpg,data/person_dataset_seed123/images/test/frame_000586.jpg,8,587,324,710,418
test,images/test/frame_000586_person_09.jpg,data/person_dataset_seed123/images/test/frame_000586.jpg,9,703,459,799,554
test,images/test/frame_000586_person_10.jpg,data/person_dataset_seed123/images/test/frame_000586.jpg,10,681,593,762,663
test,images/test/frame_000586_person_11.jpg,data/person_dataset_seed123/images/test/frame_000586.jpg,11,554,631,651,703
test,images/test/frame_000586_person_12.jpg,data/person_dataset_seed123/images/test/frame_000586.jpg,12,564,474,677,605
test,images/test/frame_000586_person_13.jpg,data/person_dataset_seed123/images/test/frame_000586.jpg,13,416,492,512,706
test,images/test/frame_000586_person_14.jpg,data/person_dataset_seed123/images/test/frame_000586.jpg,14,282,597,376,665
test,images/test/frame_000586_person_15.jpg,data/person_dataset_seed123/images/test/frame_000586.jpg,15,225,580,302,669
test,images/test/frame_000586_person_16.jpg,data/person_dataset_seed123/images/test/frame_000586.jpg,16,111,545,182,617
test,images/test/frame_000586_person_17.jpg,data/person_dataset_seed123/images/test/frame_000586.jpg,17,99,190,175,240
test,images/test/frame_000598_person_00.jpg,data/person_dataset_seed123/images/test/frame_000598.jpg,0,96,187,167,242
test,images/test/frame_000598_person_01.jpg,data/person_dataset_seed123/images/test/frame_000598.jpg,1,142,146,222,230
test,images/test/frame_000598_person_02.jpg,data/person_dataset_seed123/images/test/frame_000598.jpg,2,121,83,205,153
test,images/test/frame_000598_person_03.jpg,data/person_dataset_seed123/images/test/frame_000598.jpg,3,175,11,275,126
test,images/test/frame_000598_person_04.jpg,data/person_dataset_seed123/images/test/frame_000598.jpg,4,208,148,303,227
test,images/test/frame_000598_person_05.jpg,data/person_dataset_seed123/images/test/frame_000598.jpg,5,294,86,379,204
test,images/test/frame_000598_person_06.jpg,data/person_dataset_seed123/images/test/frame_000598.jpg,6,415,0,516,83
test,images/test/frame_000598_person_07.jpg,data/person_dataset_seed123/images/test/frame_000598.jpg,7,518,3,613,98
test,images/test/frame_000598_person_08.jpg,data/person_dataset_seed123/images/test/frame_000598.jpg,8,684,157,784,240
test,images/test/frame_000598_person_09.jpg,data/person_dataset_seed123/images/test/frame_000598.jpg,9,684,311,793,403
test,images/test/frame_000598_person_10.jpg,data/person_dataset_seed123/images/test/frame_000598.jpg,10,582,318,715,409
test,images/test/frame_000598_person_11.jpg,data/person_dataset_seed123/images/test/frame_000598.jpg,11,704,461,796,551
test,images/test/frame_000598_person_12.jpg,data/person_dataset_seed123/images/test/frame_000598.jpg,12,563,479,676,605
test,images/test/frame_000598_person_13.jpg,data/person_dataset_seed123/images/test/frame_000598.jpg,13,672,593,761,663
test,images/test/frame_000598_person_14.jpg,data/person_dataset_seed123/images/test/frame_000598.jpg,14,559,633,650,701
test,images/test/frame_000598_person_15.jpg,data/person_dataset_seed123/images/test/frame_000598.jpg,15,435,492,525,719
test,images/test/frame_000598_person_16.jpg,data/person_dataset_seed123/images/test/frame_000598.jpg,16,282,593,375,662
test,images/test/frame_000598_person_17.jpg,data/person_dataset_seed123/images/test/frame_000598.jpg,17,225,582,304,662
test,images/test/frame_000598_person_18.jpg,data/person_dataset_seed123/images/test/frame_000598.jpg,18,150,486,250,538
test,images/test/frame_000598_person_19.jpg,data/person_dataset_seed123/images/test/frame_000598.jpg,19,109,545,193,620
test,images/test/frame_000876_person_00.jpg,data/person_dataset_seed123/images/test/frame_000876.jpg,0,94,174,168,229
test,images/test/frame_000876_person_01.jpg,data/person_dataset_seed123/images/test/frame_000876.jpg,1,155,153,225,250
test,images/test/frame_000876_person_02.jpg,data/person_dataset_seed123/images/test/frame_000876.jpg,2,118,83,198,148
test,images/test/frame_000876_person_03.jpg,data/person_dataset_seed123/images/test/frame_000876.jpg,3,216,32,305,126
test,images/test/frame_000876_person_04.jpg,data/person_dataset_seed123/images/test/frame_000876.jpg,4,210,153,300,244
test,images/test/frame_000876_person_05.jpg,data/person_dataset_seed123/images/test/frame_000876.jpg,5,289,96,377,204
test,images/test/frame_000876_person_06.jpg,data/person_dataset_seed123/images/test/frame_000876.jpg,6,336,0,468,173
test,images/test/frame_000876_person_07.jpg,data/person_dataset_seed123/images/test/frame_000876.jpg,7,425,0,506,88
test,images/test/frame_000876_person_08.jpg,data/person_dataset_seed123/images/test/frame_000876.jpg,8,690,161,788,238
test,images/test/frame_000876_person_09.jpg,data/person_dataset_seed123/images/test/frame_000876.jpg,9,691,297,792,405
test,images/test/frame_000876_person_10.jpg,data/person_dataset_seed123/images/test/frame_000876.jpg,10,595,311,713,456
test,images/test/frame_000876_person_11.jpg,data/person_dataset_seed123/images/test/frame_000876.jpg,11,564,478,687,574
test,images/test/frame_000876_person_12.jpg,data/person_dataset_seed123/images/test/frame_000876.jpg,12,703,458,793,550
test,images/test/frame_000876_person_13.jpg,data/person_dataset_seed123/images/test/frame_000876.jpg,13,667,586,770,667
test,images/test/frame_000876_person_14.jpg,data/person_dataset_seed123/images/test/frame_000876.jpg,14,553,644,658,720
test,images/test/frame_000876_person_15.jpg,data/person_dataset_seed123/images/test/frame_000876.jpg,15,470,480,586,720
test,images/test/frame_000876_person_16.jpg,data/person_dataset_seed123/images/test/frame_000876.jpg,16,289,597,374,675
test,images/test/frame_000876_person_17.jpg,data/person_dataset_seed123/images/test/frame_000876.jpg,17,229,582,311,661
test,images/test/frame_000876_person_18.jpg,data/person_dataset_seed123/images/test/frame_000876.jpg,18,154,438,267,495
test,images/test/frame_000876_person_19.jpg,data/person_dataset_seed123/images/test/frame_000876.jpg,19,107,546,197,615
test,images/test/frame_000887_person_00.jpg,data/person_dataset_seed123/images/test/frame_000887.jpg,0,105,176,165,235
test,images/test/frame_000887_person_01.jpg,data/person_dataset_seed123/images/test/frame_000887.jpg,1,157,164,230,235
test,images/test/frame_000887_person_02.jpg,data/person_dataset_seed123/images/test/frame_000887.jpg,2,209,152,309,244
test,images/test/frame_000887_person_03.jpg,data/person_dataset_seed123/images/test/frame_000887.jpg,3,293,105,378,200
test,images/test/frame_000887_person_04.jpg,data/person_dataset_seed123/images/test/frame_000887.jpg,4,195,19,317,151
test,images/test/frame_000887_person_05.jpg,data/person_dataset_seed123/images/test/frame_000887.jpg,5,121,82,194,156
test,images/test/frame_000887_person_06.jpg,data/person_dataset_seed123/images/test/frame_000887.jpg,6,417,0,513,81
test,images/test/frame_000887_person_07.jpg,data/person_dataset_seed123/images/test/frame_000887.jpg,7,588,299,686,498
test,images/test/frame_000887_person_08.jpg,data/person_dataset_seed123/images/test/frame_000887.jpg,8,678,301,802,406
test,images/test/frame_000887_person_09.jpg,data/person_dataset_seed123/images/test/frame_000887.jpg,9,686,159,786,233
test,images/test/frame_000887_person_10.jpg,data/person_dataset_seed123/images/test/frame_000887.jpg,10,703,456,791,554
test,images/test/frame_000887_person_11.jpg,data/person_dataset_seed123/images/test/frame_000887.jpg,11,517,475,696,574
test,images/test/frame_000887_person_12.jpg,data/person_dataset_seed123/images/test/frame_000887.jpg,12,110,544,190,616
test,images/test/frame_000887_person_13.jpg,data/person_dataset_seed123/images/test/frame_000887.jpg,13,217,582,305,664
test,images/test/frame_000887_person_14.jpg,data/person_dataset_seed123/images/test/frame_000887.jpg,14,294,591,374,676
test,images/test/frame_000887_person_15.jpg,data/person_dataset_seed123/images/test/frame_000887.jpg,15,555,640,657,720
test,images/test/frame_000887_person_16.jpg,data/person_dataset_seed123/images/test/frame_000887.jpg,16,666,596,769,662
test,images/test/frame_000887_person_17.jpg,data/person_dataset_seed123/images/test/frame_000887.jpg,17,455,608,537,720
test,images/test/frame_000890_person_00.jpg,data/person_dataset_seed123/images/test/frame_000890.jpg,0,121,82,198,156
test,images/test/frame_000890_person_01.jpg,data/person_dataset_seed123/images/test/frame_000890.jpg,1,157,41,268,159
test,images/test/frame_000890_person_02.jpg,data/person_dataset_seed123/images/test/frame_000890.jpg,2,220,30,304,119
test,images/test/frame_000890_person_03.jpg,data/person_dataset_seed123/images/test/frame_000890.jpg,3,418,0,510,88
test,images/test/frame_000890_person_04.jpg,data/person_dataset_seed123/images/test/frame_000890.jpg,4,286,91,376,205
test,images/test/frame_000890_person_05.jpg,data/person_dataset_seed123/images/test/frame_000890.jpg,5,208,154,300,246
test,images/test/frame_000890_person_06.jpg,data/person_dataset_seed123/images/test/frame_000890.jpg,6,156,158,231,238
test,images/test/frame_000890_person_07.jpg,data/person_dataset_seed123/images/test/frame_000890.jpg,7,102,175,184,239
test,images/test/frame_000890_person_08.jpg,data/person_dataset_seed123/images/test/frame_000890.jpg,8,109,545,194,614
test,images/test/frame_000890_person_09.jpg,data/person_dataset_seed123/images/test/frame_000890.jpg,9,218,582,306,663
test,images/test/frame_000890_person_10.jpg,data/person_dataset_seed123/images/test/frame_000890.jpg,10,293,590,372,677
test,images/test/frame_000890_person_11.jpg,data/person_dataset_seed123/images/test/frame_000890.jpg,11,445,579,533,720
test,images/test/frame_000890_person_12.jpg,data/person_dataset_seed123/images/test/frame_000890.jpg,12,550,641,656,720
test,images/test/frame_000890_person_13.jpg,data/person_dataset_seed123/images/test/frame_000890.jpg,13,678,588,758,664
test,images/test/frame_000890_person_14.jpg,data/person_dataset_seed123/images/test/frame_000890.jpg,14,703,455,795,556
test,images/test/frame_000890_person_15.jpg,data/person_dataset_seed123/images/test/frame_000890.jpg,15,513,467,698,576
test,images/test/frame_000890_person_16.jpg,data/person_dataset_seed123/images/test/frame_000890.jpg,16,541,304,695,491
test,images/test/frame_000890_person_17.jpg,data/person_dataset_seed123/images/test/frame_000890.jpg,17,680,306,801,405
test,images/test/frame_000890_person_18.jpg,data/person_dataset_seed123/images/test/frame_000890.jpg,18,685,159,788,228
test,images/test/frame_000901_person_00.jpg,data/person_dataset_seed123/images/test/frame_000901.jpg,0,66,105,163,189
test,images/test/frame_000901_person_01.jpg,data/person_dataset_seed123/images/test/frame_000901.jpg,1,117,81,207,150
test,images/test/frame_000901_person_02.jpg,data/person_dataset_seed123/images/test/frame_000901.jpg,2,217,27,308,132
test,images/test/frame_000901_person_03.jpg,data/person_dataset_seed123/images/test/frame_000901.jpg,3,410,0,514,96
test,images/test/frame_000901_person_04.jpg,data/person_dataset_seed123/images/test/frame_000901.jpg,4,293,94,378,207
test,images/test/frame_000901_person_05.jpg,data/person_dataset_seed123/images/test/frame_000901.jpg,5,208,151,307,252
test,images/test/frame_000901_person_06.jpg,data/person_dataset_seed123/images/test/frame_000901.jpg,6,150,156,226,246
test,images/test/frame_000901_person_07.jpg,data/person_dataset_seed123/images/test/frame_000901.jpg,7,104,176,165,242
test,images/test/frame_000901_person_08.jpg,data/person_dataset_seed123/images/test/frame_000901.jpg,8,108,543,191,618
test,images/test/frame_000901_person_09.jpg,data/person_dataset_seed123/images/test/frame_000901.jpg,9,216,579,306,664
test,images/test/frame_000901_person_10.jpg,data/person_dataset_seed123/images/test/frame_000901.jpg,10,291,596,374,670
test,images/test/frame_000901_person_11.jpg,data/person_dataset_seed123/images/test/frame_000901.jpg,11,461,446,577,669
test,images/test/frame_000901_person_12.jpg,data/person_dataset_seed123/images/test/frame_000901.jpg,12,556,638,631,720
test,images/test/frame_000901_person_13.jpg,data/person_dataset_seed123/images/test/frame_000901.jpg,13,676,592,760,665
test,images/test/frame_000901_person_14.jpg,data/person_dataset_seed123/images/test/frame_000901.jpg,14,569,478,700,600
test,images/test/frame_000901_person_15.jpg,data/person_dataset_seed123/images/test/frame_000901.jpg,15,701,458,800,557
test,images/test/frame_000901_person_16.jpg,data/person_dataset_seed123/images/test/frame_000901.jpg,16,535,379,710,518
test,images/test/frame_000901_person_17.jpg,data/person_dataset_seed123/images/test/frame_000901.jpg,17,676,323,802,398
test,images/test/frame_000901_person_18.jpg,data/person_dataset_seed123/images/test/frame_000901.jpg,18,682,160,790,234
test,images/test/frame_000908_person_00.jpg,data/person_dataset_seed123/images/test/frame_000908.jpg,0,119,84,208,163
test,images/test/frame_000908_person_01.jpg,data/person_dataset_seed123/images/test/frame_000908.jpg,1,106,176,172,234
test,images/test/frame_000908_person_02.jpg,data/person_dataset_seed123/images/test/frame_000908.jpg,2,161,160,230,230
test,images/test/frame_000908_person_03.jpg,data/person_dataset_seed123/images/test/frame_000908.jpg,3,210,150,301,243
test,images/test/frame_000908_person_04.jpg,data/person_dataset_seed123/images/test/frame_000908.jpg,4,289,89,377,202
test,images/test/frame_000908_person_05.jpg,data/person_dataset_seed123/images/test/frame_000908.jpg,5,215,28,304,122
test,images/test/frame_000908_person_06.jpg,data/person_dataset_seed123/images/test/frame_000908.jpg,6,415,0,510,84
test,images/test/frame_000908_person_07.jpg,data/person_dataset_seed123/images/test/frame_000908.jpg,7,686,162,788,238
test,images/test/frame_000908_person_08.jpg,data/person_dataset_seed123/images/test/frame_000908.jpg,8,674,296,798,403
test,images/test/frame_000908_person_09.jpg,data/person_dataset_seed123/images/test/frame_000908.jpg,9,485,316,625,446
test,images/test/frame_000908_person_10.jpg,data/person_dataset_seed123/images/test/frame_000908.jpg,10,544,423,699,593
test,images/test/frame_000908_person_11.jpg,data/person_dataset_seed123/images/test/frame_000908.jpg,11,698,456,795,548
test,images/test/frame_000908_person_12.jpg,data/person_dataset_seed123/images/test/frame_000908.jpg,12,674,589,759,663
test,images/test/frame_000908_person_13.jpg,data/person_dataset_seed123/images/test/frame_000908.jpg,13,553,641,655,720
test,images/test/frame_000908_person_14.jpg,data/person_dataset_seed123/images/test/frame_000908.jpg,14,291,595,372,668
test,images/test/frame_000908_person_15.jpg,data/person_dataset_seed123/images/test/frame_000908.jpg,15,214,582,309,651
test,images/test/frame_000908_person_16.jpg,data/person_dataset_seed123/images/test/frame_000908.jpg,16,108,544,202,616
test,images/test/frame_000914_person_00.jpg,data/person_dataset_seed123/images/test/frame_000914.jpg,0,489,104,617,303
test,images/test/frame_000914_person_01.jpg,data/person_dataset_seed123/images/test/frame_000914.jpg,1,682,161,787,242
test,images/test/frame_000914_person_02.jpg,data/person_dataset_seed123/images/test/frame_000914.jpg,2,686,299,795,402
test,images/test/frame_000914_person_03.jpg,data/person_dataset_seed123/images/test/frame_000914.jpg,3,538,418,698,604
test,images/test/frame_000914_person_04.jpg,data/person_dataset_seed123/images/test/frame_000914.jpg,4,703,459,795,550
test,images/test/frame_000914_person_05.jpg,data/person_dataset_seed123/images/test/frame_000914.jpg,5,680,589,760,666
test,images/test/frame_000914_person_06.jpg,data/person_dataset_seed123/images/test/frame_000914.jpg,6,555,637,656,720
test,images/test/frame_000914_person_07.jpg,data/person_dataset_seed123/images/test/frame_000914.jpg,7,292,595,372,663
test,images/test/frame_000914_person_08.jpg,data/person_dataset_seed123/images/test/frame_000914.jpg,8,213,577,307,656
test,images/test/frame_000914_person_09.jpg,data/person_dataset_seed123/images/test/frame_000914.jpg,9,108,549,187,614
test,images/test/frame_000914_person_10.jpg,data/person_dataset_seed123/images/test/frame_000914.jpg,10,417,0,510,83
test,images/test/frame_000914_person_11.jpg,data/person_dataset_seed123/images/test/frame_000914.jpg,11,291,96,380,208
test,images/test/frame_000914_person_12.jpg,data/person_dataset_seed123/images/test/frame_000914.jpg,12,220,30,305,127
test,images/test/frame_000914_person_13.jpg,data/person_dataset_seed123/images/test/frame_000914.jpg,13,199,151,306,248
test,images/test/frame_000914_person_14.jpg,data/person_dataset_seed123/images/test/frame_000914.jpg,14,152,155,232,244
test,images/test/frame_000914_person_15.jpg,data/person_dataset_seed123/images/test/frame_000914.jpg,15,105,175,177,237
test,images/test/frame_000914_person_16.jpg,data/person_dataset_seed123/images/test/frame_000914.jpg,16,115,82,196,152
test,images/test/frame_000925_person_00.jpg,data/person_dataset_seed123/images/test/frame_000925.jpg,0,390,0,483,185
test,images/test/frame_000925_person_01.jpg,data/person_dataset_seed123/images/test/frame_000925.jpg,1,442,0,506,73
test,images/test/frame_000925_person_02.jpg,data/person_dataset_seed123/images/test/frame_000925.jpg,2,683,160,787,236
test,images/test/frame_000925_person_03.jpg,data/person_dataset_seed123/images/test/frame_000925.jpg,3,674,299,792,402
test,images/test/frame_000925_person_04.jpg,data/person_dataset_seed123/images/test/frame_000925.jpg,4,703,459,799,549
test,images/test/frame_000925_person_05.jpg,data/person_dataset_seed123/images/test/frame_000925.jpg,5,672,594,761,664
test,images/test/frame_000925_person_06.jpg,data/person_dataset_seed123/images/test/frame_000925.jpg,6,540,419,704,599
test,images/test/frame_000925_person_07.jpg,data/person_dataset_seed123/images/test/frame_000925.jpg,7,552,636,658,720
test,images/test/frame_000925_person_08.jpg,data/person_dataset_seed123/images/test/frame_000925.jpg,8,289,596,374,667
test,images/test/frame_000925_person_09.jpg,data/person_dataset_seed123/images/test/frame_000925.jpg,9,221,579,304,661
test,images/test/frame_000925_person_10.jpg,data/person_dataset_seed123/images/test/frame_000925.jpg,10,109,542,195,616
test,images/test/frame_000925_person_11.jpg,data/person_dataset_seed123/images/test/frame_000925.jpg,11,286,101,375,209
test,images/test/frame_000925_person_12.jpg,data/person_dataset_seed123/images/test/frame_000925.jpg,12,215,29,309,126
test,images/test/frame_000925_person_13.jpg,data/person_dataset_seed123/images/test/frame_000925.jpg,13,203,150,306,248
test,images/test/frame_000925_person_14.jpg,data/person_dataset_seed123/images/test/frame_000925.jpg,14,156,155,224,246
test,images/test/frame_000925_person_15.jpg,data/person_dataset_seed123/images/test/frame_000925.jpg,15,109,174,174,236
test,images/test/frame_000925_person_16.jpg,data/person_dataset_seed123/images/test/frame_000925.jpg,16,121,83,197,149
test,images/test/frame_000932_person_00.jpg,data/person_dataset_seed123/images/test/frame_000932.jpg,0,94,175,167,231
test,images/test/frame_000932_person_01.jpg,data/person_dataset_seed123/images/test/frame_000932.jpg,1,162,149,222,242
test,images/test/frame_000932_person_02.jpg,data/person_dataset_seed123/images/test/frame_000932.jpg,2,209,152,301,245
test,images/test/frame_000932_person_03.jpg,data/person_dataset_seed123/images/test/frame_000932.jpg,3,118,86,209,151
test,images/test/frame_000932_person_04.jpg,data/person_dataset_seed123/images/test/frame_000932.jpg,4,217,31,303,125
test,images/test/frame_000932_person_05.jpg,data/person_dataset_seed123/images/test/frame_000932.jpg,5,286,94,378,203
test,images/test/frame_000932_person_06.jpg,data/person_dataset_seed123/images/test/frame_000932.jpg,6,418,0,483,77
test,images/test/frame_000932_person_07.jpg,data/person_dataset_seed123/images/test/frame_000932.jpg,7,447,0,531,203
test,images/test/frame_000932_person_08.jpg,data/person_dataset_seed123/images/test/frame_000932.jpg,8,683,159,789,234
test,images/test/frame_000932_person_09.jpg,data/person_dataset_seed123/images/test/frame_000932.jpg,9,681,304,794,398
test,images/test/frame_000932_person_10.jpg,data/person_dataset_seed123/images/test/frame_000932.jpg,10,703,459,793,558
test,images/test/frame_000932_person_11.jpg,data/person_dataset_seed123/images/test/frame_000932.jpg,11,522,426,665,573
test,images/test/frame_000932_person_12.jpg,data/person_dataset_seed123/images/test/frame_000932.jpg,12,634,518,694,595
test,images/test/frame_000932_person_13.jpg,data/person_dataset_seed123/images/test/frame_000932.jpg,13,551,638,658,720
test,images/test/frame_000932_person_14.jpg,data/person_dataset_seed123/images/test/frame_000932.jpg,14,666,594,761,661
test,images/test/frame_000932_person_15.jpg,data/person_dataset_seed123/images/test/frame_000932.jpg,15,289,598,372,665
test,images/test/frame_000932_person_16.jpg,data/person_dataset_seed123/images/test/frame_000932.jpg,16,219,581,301,661
test,images/test/frame_000932_person_17.jpg,data/person_dataset_seed123/images/test/frame_000932.jpg,17,110,547,189,614
